#ifndef LOGOS_H
#define LOGOS_H

#include <Arduino.h>

// Logo ModuleAir - 64x32 pixels, RGB565
static const uint16_t logo_moduleair[] = {
    0x0000, 0x0000, 0x0000, 0x0000, 0x0000, 0x0000, 0x0000, 0x0000, 0x0000, 0x0000, 0x0000, 0x0000, 0x0000, 0x0000, 0x0000, 0x0000, // 0x0010 (16) pixels
    0x0000, 0x0000, 0x0000, 0x0000, 0x0000, 0x0000, 0x0000, 0x0000, 0x0000, 0x0000, 0x0000, 0x0000, 0x0000, 0x0000, 0x0000, 0x0000, // 0x0020 (32) pixels
    0x0000, 0x0000, 0x0000, 0x0000, 0x0000, 0x0000, 0x0000, 0x0000, 0x0000, 0x0000, 0x0000, 0x0000, 0x0000, 0x0000, 0x0000, 0x0000, // 0x0030 (48) pixels
    0x0000, 0x0000, 0x0000, 0x0000, 0x0000, 0x0000, 0x0000, 0x0000, 0x0000, 0x0000, 0x0000, 0x0000, 0x0000, 0x0000, 0x0000, 0x0000, // 0x0040 (64) pixels
    0x0000, 0xFFFF, 0xFFFF, 0xFFFF, 0xFFFF, 0xFFFF, 0xFFFF, 0xFFFF, 0x0000, 0x0000, 0x0000, 0x0000, 0x0000, 0x0000, 0x0000, 0x0000, // 0x0050 (80) pixels
    0x0000, 0x0000, 0x0000, 0x0000, 0x0000, 0x0000, 0x0000, 0x0000, 0x0000, 0x0000, 0x0000, 0x0000, 0x0000, 0x0000, 0x0000, 0x0000, // 0x0060 (96) pixels
    0x0000, 0x0000, 0x0000, 0x0000, 0x0000, 0x0000, 0x0000, 0x0000, 0x0000, 0x0000, 0x0000, 0x0000, 0x0000, 0x0000, 0x0000, 0x0000, // 0x0070 (112) pixels
    0x0000, 0x0000, 0x0000, 0x0000, 0x0000, 0x0000, 0x0000, 0x0000, 0x0000, 0x0000, 0x0000, 0x0000, 0x0000, 0x0000, 0x0000, 0x0000, // 0x0080 (128) pixels
    0xFFFF, 0xFFFF, 0xFFFF, 0xFFFF, 0xFFFF, 0xFFFF, 0xFFFF, 0x0000, 0x0000, 0x0000, 0x0020, 0xFFFF, 0xFFFF, 0x0020, 0x0000, 0x0000, // 0x0090 (144) pixels
    0x0000, 0x0000, 0x0000, 0x0000, 0x0000, 0x0000, 0x0000, 0x0000, 0x0000, 0x0000, 0x0000, 0x0000, 0x0000, 0x0000, 0x0000, 0x0000, // 0x00A0 (160) pixels
    0x0000, 0x0000, 0x0000, 0x0000, 0x0000, 0x0000, 0x0000, 0x0000, 0x0000, 0x0000, 0x0000, 0x0000, 0x0000, 0x0000, 0x0000, 0x0000, // 0x00B0 (176) pixels
    0x0000, 0x0000, 0x0000, 0x0000, 0x0000, 0x0000, 0x0000, 0x0000, 0x0000, 0x0000, 0x0000, 0x0000, 0x0000, 0x0000, 0x0000, 0x0000, // 0x00C0 (192) pixels
    0x0000, 0x0000, 0x0000, 0x0000, 0xFFFF, 0xFFFF, 0xFFFF, 0x0000, 0x0000, 0x0000, 0xFFFF, 0xFFFF, 0xFFFF, 0xFFFF, 0x0000, 0x0000, // 0x00D0 (208) pixels
    0x0000, 0x0000, 0x0000, 0x0000, 0x0000, 0x0000, 0x0000, 0x0000, 0x0000, 0x0000, 0x0000, 0x0000, 0x0000, 0x0000, 0x0000, 0x0000, // 0x00E0 (224) pixels
    0x0000, 0x0000, 0x0000, 0x0000, 0x0000, 0x0000, 0x0000, 0x0000, 0x0000, 0x0000, 0x0000, 0x0000, 0x0000, 0x0000, 0x0000, 0x0000, // 0x00F0 (240) pixels
    0x0000, 0x0000, 0x0000, 0x0000, 0x0000, 0x0000, 0x0000, 0x0000, 0x0000, 0x0000, 0x0000, 0x0000, 0x0000, 0x0000, 0x0000, 0x0000, // 0x0100 (256) pixels
    0x0000, 0x0000, 0x0000, 0xFFFF, 0xFFFF, 0xFFFF, 0xFFFF, 0x0000, 0x0000, 0xFFFF, 0xFFFF, 0xFFFF, 0xFFFF, 0xFFFF, 0x0000, 0x0000, // 0x0110 (272) pixels
    0x0000, 0xFFFF, 0xFFFF, 0x0000, 0x0000, 0x0000, 0x0000, 0x0000, 0x0000, 0x0000, 0x0000, 0x0000, 0x0000, 0x0000, 0x0000, 0x0000, // 0x0120 (288) pixels
    0x0000, 0x0000, 0x0000, 0x0000, 0x0000, 0x0000, 0x0000, 0x0000, 0x0000, 0x0000, 0x0000, 0x0000, 0x0000, 0x0000, 0x0000, 0x0000, // 0x0130 (304) pixels
    0x0000, 0x0000, 0x0000, 0x0000, 0x0000, 0x0000, 0x0000, 0x0000, 0x0000, 0x0000, 0x0000, 0x0000, 0x0000, 0x0000, 0x0000, 0x0000, // 0x0140 (320) pixels
    0x0000, 0x0000, 0x0841, 0xFFFF, 0xFFFF, 0xFFFF, 0xFFFF, 0x0020, 0xFFFF, 0xFFFF, 0xFFFF, 0xFFFF, 0xFFFF, 0x0000, 0x0000, 0x0000, // 0x0150 (336) pixels
    0xFFFF, 0xFFFF, 0xFFFF, 0xFFFF, 0x0020, 0x0000, 0x0000, 0x0000, 0x0000, 0x0000, 0x0000, 0x0000, 0x0000, 0x0000, 0x0000, 0x0000, // 0x0160 (352) pixels
    0x0000, 0x0000, 0x0000, 0x0000, 0x0000, 0x0000, 0x0000, 0x0000, 0x0000, 0x0000, 0x0000, 0x0000, 0x0000, 0x0000, 0x0000, 0x0000, // 0x0170 (368) pixels
    0x0000, 0x0000, 0x0000, 0x0000, 0x0000, 0x0000, 0x0000, 0x0000, 0x0000, 0x0000, 0x0000, 0x0000, 0x0000, 0x0000, 0x0000, 0x0000, // 0x0180 (384) pixels
    0x0000, 0x0000, 0x1082, 0xFFFF, 0xFFFF, 0xFFFF, 0x0000, 0x0000, 0xFFFF, 0xFFFF, 0xFFFF, 0xFFFF, 0xFFFF, 0x0000, 0x0000, 0xFFFF, // 0x0190 (400) pixels
    0xFFFF, 0xFFFF, 0xFFFF, 0xFFFF, 0x0020, 0x0000, 0x0000, 0x0000, 0x0000, 0x0000, 0x0000, 0x0000, 0x0000, 0x0000, 0x0000, 0x0000, // 0x01A0 (416) pixels
    0x0000, 0x0000, 0x0000, 0x0000, 0x0000, 0xFFFF, 0xFFFF, 0x0000, 0x0000, 0x0000, 0x0000, 0x0000, 0x0000, 0x0000, 0x0000, 0x0000, // 0x01B0 (432) pixels
    0x0000, 0x0000, 0x0000, 0x0000, 0xFFFF, 0xFFFF, 0x0000, 0x0000, 0x0000, 0x0000, 0x0000, 0x0000, 0x0000, 0x0000, 0x0000, 0x0000, // 0x01C0 (448) pixels
    0x0000, 0x0000, 0xFFFF, 0xFFFF, 0xFFFF, 0xFFFF, 0x0000, 0xFFFF, 0xFFFF, 0xFFFF, 0xFFFF, 0xFFFF, 0x0000, 0x0000, 0xFFFF, 0xFFFF, // 0x01D0 (464) pixels
    0xFFFF, 0xFFFF, 0xFFFF, 0xFFFF, 0x0020, 0x0000, 0x0000, 0x0000, 0x0000, 0x0000, 0x0000, 0x0000, 0x0000, 0x0000, 0x0000, 0x0000, // 0x01E0 (480) pixels
    0x0000, 0x0000, 0x0000, 0x10A2, 0xFFFF, 0xFFFF, 0xFFFF, 0x0000, 0x0000, 0x0000, 0x0000, 0x0000, 0x0000, 0x0000, 0x0000, 0x0000, // 0x01F0 (496) pixels
    0x0000, 0x0000, 0x0000, 0xFFFF, 0xFFFF, 0xFFFF, 0x0000, 0x0000, 0x0000, 0x0000, 0x0000, 0x0000, 0x0000, 0x0000, 0x0000, 0x0000, // 0x0200 (512) pixels
    0x0000, 0x0000, 0xFFFF, 0xFFFF, 0xFFFF, 0xFFFF, 0xFFFF, 0xFFFF, 0xFFFF, 0xFFFF, 0xFFFF, 0xFFFF, 0x0000, 0xFFFF, 0xFFFF, 0xFFFF, // 0x0210 (528) pixels
    0xFFFF, 0xFFFF, 0xFFFF, 0x0000, 0x0000, 0x0000, 0x0000, 0x0000, 0x0000, 0x0000, 0x0000, 0x0000, 0x0000, 0x0000, 0x0000, 0x0000, // 0x0220 (544) pixels
    0x0000, 0x0000, 0x0000, 0x18C3, 0xFFFF, 0xFFFF, 0xFFFF, 0x0000, 0x0000, 0x0000, 0x0000, 0x0000, 0x0000, 0x0000, 0x0000, 0x0000, // 0x0230 (560) pixels
    0x0000, 0x0000, 0x0000, 0xFFFF, 0xFFFF, 0xFFFF, 0x0000, 0x0000, 0x0000, 0x0000, 0x0000, 0x0000, 0x0000, 0x0000, 0x0000, 0x0000, // 0x0240 (576) pixels
    0x0000, 0x0000, 0xFFFF, 0xFFFF, 0xFFFF, 0xFFFF, 0xFFFF, 0xFFFF, 0xFFFF, 0xFFFF, 0xFFFF, 0xFFFF, 0xFFFF, 0xFFFF, 0xFFFF, 0xFFFF, // 0x0250 (592) pixels
    0xFFFF, 0xFFFF, 0xFFFF, 0x0000, 0x0000, 0x0000, 0x0000, 0x0000, 0x0841, 0x0841, 0x0000, 0x0000, 0x0020, 0x0020, 0x0020, 0x0000, // 0x0260 (608) pixels
    0x0000, 0x0020, 0x0000, 0x10A2, 0xFFFF, 0xFFFF, 0x0000, 0x0000, 0x0000, 0x0000, 0x0000, 0x0000, 0x0000, 0x0000, 0x0000, 0x0000, // 0x0270 (624) pixels
    0x0000, 0x0000, 0x0000, 0xFFFF, 0xFFFF, 0x0000, 0x0000, 0x0000, 0x0000, 0x0000, 0x0000, 0x0000, 0x0000, 0x0000, 0x0000, 0x0000, // 0x0280 (640) pixels
    0x0000, 0xFFFF, 0xFFFF, 0xFFFF, 0xFFFF, 0xFFFF, 0xFFFF, 0x0000, 0xFFFF, 0xFFFF, 0xFFFF, 0xFFFF, 0xFFFF, 0xFFFF, 0x0000, 0xFFFF, // 0x0290 (656) pixels
    0xFFFF, 0xFFFF, 0x0861, 0x0000, 0x0000, 0x0000, 0x0020, 0xFFFF, 0xFFFF, 0xFFFF, 0xFFFF, 0xFFFF, 0xFFFF, 0xFFFF, 0xFFFF, 0xFFFF, // 0x02A0 (672) pixels
    0xFFFF, 0xFFFF, 0xFFFF, 0xFFFF, 0xFFFF, 0xFFFF, 0x0000, 0x0000, 0x0841, 0xFFFF, 0xFFFF, 0xFFFF, 0x0000, 0xFFFF, 0xFFFF, 0xFFFF, // 0x02B0 (688) pixels
    0x0000, 0x0000, 0xFFFF, 0xFFFF, 0xFFFF, 0x0000, 0x0000, 0x0000, 0xFFFF, 0xFFFF, 0xFFFF, 0xFFFF, 0xFFFF, 0x0000, 0x0000, 0x0000, // 0x02C0 (704) pixels
    0x0000, 0xFFFF, 0xFFFF, 0xFFFF, 0xFFFF, 0xFFFF, 0x0000, 0x0000, 0xFFFF, 0xFFFF, 0xFFFF, 0xFFFF, 0xFFFF, 0x0000, 0x0000, 0xFFFF, // 0x02D0 (720) pixels
    0xFFFF, 0xFFFF, 0x0000, 0x0000, 0x0000, 0x0000, 0xFFFF, 0xFFFF, 0x0000, 0x0000, 0xFFFF, 0xFFFF, 0x0000, 0x0000, 0x0000, 0xFFFF, // 0x02E0 (736) pixels
    0xFFFF, 0x0000, 0x0000, 0xFFFF, 0xFFFF, 0xFFFF, 0x0861, 0x0000, 0x0841, 0xFFFF, 0xFFFF, 0x0000, 0x0000, 0xFFFF, 0xFFFF, 0xFFFF, // 0x02F0 (752) pixels
    0x0000, 0x0000, 0xFFFF, 0xFFFF, 0xFFFF, 0x0000, 0x0000, 0xFFFF, 0xFFFF, 0xFFFF, 0x0000, 0xFFFF, 0xFFFF, 0xFFFF, 0x0000, 0x0000, // 0x0300 (768) pixels
    0x0000, 0xFFFF, 0xFFFF, 0xFFFF, 0xFFFF, 0x0000, 0x0000, 0x0000, 0xFFFF, 0xFFFF, 0xFFFF, 0xFFFF, 0x0841, 0x0000, 0xFFFF, 0xFFFF, // 0x0310 (784) pixels
    0xFFFF, 0xFFFF, 0x0000, 0x0000, 0x0000, 0x1082, 0xFFFF, 0xFFFF, 0x0000, 0x0000, 0xFFFF, 0xFFFF, 0x0000, 0x0000, 0xFFFF, 0xFFFF, // 0x0320 (800) pixels
    0xFFFF, 0x0000, 0x0000, 0xFFFF, 0xFFFF, 0x0000, 0x0000, 0x0020, 0xFFFF, 0xFFFF, 0xFFFF, 0x0000, 0xFFFF, 0xFFFF, 0xFFFF, 0x0000, // 0x0330 (816) pixels
    0x0000, 0x0000, 0xFFFF, 0xFFFF, 0x0000, 0x0000, 0x0000, 0xFFFF, 0xFFFF, 0xFFFF, 0xFFFF, 0xFFFF, 0xFFFF, 0x0000, 0x0000, 0x0000, // 0x0340 (832) pixels
    0xFFFF, 0xFFFF, 0xFFFF, 0xFFFF, 0x0841, 0x0000, 0x0000, 0x0000, 0xFFFF, 0xFFFF, 0xFFFF, 0x0841, 0x0000, 0x0000, 0xFFFF, 0xFFFF, // 0x0350 (848) pixels
    0xFFFF, 0xFFFF, 0xFFFF, 0xFFFF, 0xFFFF, 0xFFFF, 0xFFFF, 0xFFFF, 0x0000, 0xFFFF, 0xFFFF, 0xFFFF, 0x0000, 0x0000, 0xFFFF, 0xFFFF, // 0x0360 (864) pixels
    0xFFFF, 0x0000, 0xFFFF, 0xFFFF, 0xFFFF, 0x0000, 0x0000, 0xFFFF, 0xFFFF, 0xFFFF, 0xFFFF, 0x0000, 0xFFFF, 0xFFFF, 0xFFFF, 0x0000, // 0x0370 (880) pixels
    0x0000, 0xFFFF, 0xFFFF, 0xFFFF, 0x0000, 0x0000, 0xFFFF, 0xFFFF, 0xFFFF, 0xFFFF, 0x0000, 0x0000, 0x0000, 0x0000, 0x0000, 0x0000, // 0x0380 (896) pixels
    0xFFFF, 0xFFFF, 0xFFFF, 0x0020, 0x0000, 0x0000, 0x0000, 0x0000, 0xFFFF, 0xFFFF, 0x0020, 0x0000, 0x0000, 0x0000, 0xFFFF, 0xFFFF, // 0x0390 (912) pixels
    0xFFFF, 0xFFFF, 0xFFFF, 0xFFFF, 0xFFFF, 0x0000, 0xFFFF, 0xFFFF, 0xFFFF, 0xFFFF, 0xFFFF, 0x0000, 0x0000, 0x0000, 0x0000, 0xFFFF, // 0x03A0 (928) pixels
    0xFFFF, 0xFFFF, 0xFFFF, 0xFFFF, 0xFFFF, 0xFFFF, 0xFFFF, 0x0000, 0xFFFF, 0xFFFF, 0xFFFF, 0xFFFF, 0x0000, 0xFFFF, 0xFFFF, 0xFFFF, // 0x03B0 (944) pixels
    0xFFFF, 0x0000, 0xFFFF, 0xFFFF, 0xFFFF, 0xFFFF, 0x0000, 0xFFFF, 0xFFFF, 0xFFFF, 0xFFFF, 0xFFFF, 0xFFFF, 0xFFFF, 0xFFFF, 0x0000, // 0x03C0 (960) pixels
    0x0020, 0x0020, 0x0000, 0x0000, 0x0000, 0x0000, 0x0000, 0x0000, 0x0000, 0x0000, 0x0000, 0x0000, 0x0000, 0x0000, 0x0000, 0x0000, // 0x03D0 (976) pixels
    0x0000, 0x0000, 0x0000, 0x0000, 0x0000, 0x0000, 0x0000, 0x0000, 0x0000, 0x0000, 0x0000, 0x0000, 0x0000, 0x0000, 0x0000, 0x0000, // 0x03E0 (992) pixels
    0x0000, 0x0000, 0x0000, 0x0000, 0x0000, 0x0000, 0x0000, 0x0000, 0x0000, 0x0000, 0x0000, 0x0000, 0x0000, 0x0000, 0x0000, 0x0000, // 0x03F0 (1008) pixels
    0x0000, 0x0000, 0x0000, 0x0000, 0x0000, 0x0000, 0x0000, 0x0000, 0x0000, 0x0000, 0x0000, 0x0000, 0x0000, 0x0000, 0x0000, 0x0000, // 0x0400 (1024) pixels
    0x0000, 0x0000, 0x0000, 0x0000, 0x0000, 0x0000, 0x0000, 0x0000, 0x0000, 0x0000, 0x0000, 0x0000, 0x0000, 0x0000, 0x0000, 0x0000, // 0x0410 (1040) pixels
    0x0000, 0x0000, 0x0000, 0x0000, 0x0000, 0x0000, 0x0000, 0x0000, 0x0000, 0x0000, 0x0000, 0x0000, 0x0000, 0x0000, 0x0000, 0x0000, // 0x0420 (1056) pixels
    0x0000, 0x0000, 0x0000, 0x0000, 0x0000, 0x0000, 0x0000, 0x0000, 0x0000, 0x0000, 0x0000, 0x0000, 0x0000, 0x0000, 0x0000, 0x0000, // 0x0430 (1072) pixels
    0x0000, 0x0000, 0x0000, 0x0000, 0x0000, 0x0000, 0x0000, 0x0000, 0x0000, 0x0000, 0x0000, 0x0000, 0x0000, 0x0000, 0x0000, 0x0000, // 0x0440 (1088) pixels
    0x0000, 0x0000, 0x0000, 0x0000, 0x0000, 0x0000, 0x0000, 0x0000, 0x0000, 0x0000, 0x0000, 0x0000, 0x0000, 0x0000, 0x0000, 0x0000, // 0x0450 (1104) pixels
    0x0000, 0x0000, 0x0000, 0x0000, 0x0000, 0x0000, 0x0000, 0x0000, 0x0000, 0x0000, 0x0000, 0x0000, 0x0000, 0x0000, 0x0000, 0x0000, // 0x0460 (1120) pixels
    0x0000, 0x0000, 0x0000, 0x0000, 0x0000, 0x0040, 0x0040, 0x0000, 0x0040, 0x0060, 0x0000, 0x0800, 0x1800, 0xD000, 0x2000, 0x0800, // 0x0470 (1136) pixels
    0x0000, 0x0000, 0x0000, 0x0000, 0x0000, 0x0000, 0x0000, 0x0000, 0x0000, 0x0000, 0x0000, 0x0000, 0x0000, 0x0000, 0x0000, 0x0000, // 0x0480 (1152) pixels
    0x0000, 0x0000, 0x0000, 0x0000, 0x0000, 0x0000, 0x0000, 0x0000, 0x0000, 0x0000, 0x0000, 0x0000, 0x0000, 0x0000, 0x0000, 0xFFFF, // 0x0490 (1168) pixels
    0xFFFF, 0xFFFF, 0xFFFF, 0x0000, 0x0000, 0x0000, 0x0000, 0x0000, 0x0000, 0x0000, 0x0000, 0x0000, 0x0000, 0x0000, 0x0000, 0x0000, // 0x04A0 (1184) pixels
    0x0000, 0x0000, 0x0000, 0x0000, 0x0000, 0x0505, 0x0505, 0x0000, 0x0505, 0x0505, 0x0000, 0xD000, 0xD000, 0xD000, 0xD000, 0xD000, // 0x04B0 (1200) pixels
    0x0000, 0x0000, 0x0000, 0x0000, 0x0000, 0x0000, 0x0000, 0x0000, 0x0000, 0x0000, 0x0000, 0x04DA, 0x04DA, 0x0000, 0x0000, 0x0000, // 0x04C0 (1216) pixels
    0x0000, 0x0000, 0x0000, 0x0000, 0x0000, 0x0000, 0x0000, 0x0000, 0x0000, 0x0000, 0x0000, 0x0000, 0x0000, 0x0000, 0xFFFF, 0xFFFF, // 0x04D0 (1232) pixels
    0xFFFF, 0xFFFF, 0xFFFF, 0x0000, 0x0000, 0x0000, 0xFFFF, 0xFFFF, 0x0000, 0x0000, 0x0000, 0x0000, 0x0000, 0x0000, 0x0000, 0x0000, // 0x04E0 (1248) pixels
    0x0000, 0x0000, 0x0000, 0x0000, 0x0000, 0x0505, 0x0505, 0x0505, 0x0505, 0x0505, 0x08A1, 0xD000, 0xD000, 0xD000, 0xC001, 0xD000, // 0x04F0 (1264) pixels
    0x0000, 0x0000, 0x0000, 0x0000, 0x0000, 0x0000, 0x0000, 0x0000, 0x0000, 0x0000, 0x0000, 0x0000, 0x04DA, 0x04DA, 0x0000, 0x0000, // 0x0500 (1280) pixels
    0x0000, 0x0000, 0x0000, 0x0000, 0x0000, 0x0000, 0x0000, 0x0000, 0x0000, 0x0000, 0x0000, 0x0000, 0x0000, 0xFFFF, 0xFFFF, 0x0000, // 0x0510 (1296) pixels
    0xFFFF, 0xFFFF, 0x0000, 0x0000, 0x0000, 0xFFFF, 0xFFFF, 0xFFFF, 0xFFFF, 0x0000, 0x0000, 0x0000, 0x0000, 0x0000, 0x0000, 0x0000, // 0x0520 (1312) pixels
    0x0000, 0x0000, 0x0000, 0x0000, 0x0505, 0x0505, 0x0505, 0x0505, 0x0505, 0x0505, 0x0505, 0x0000, 0xD000, 0xD000, 0xD000, 0xD000, // 0x0530 (1328) pixels
    0xD000, 0x0000, 0x0000, 0x0000, 0x0000, 0x0000, 0x0000, 0x0000, 0x0000, 0x04DA, 0x04DA, 0x0000, 0x0000, 0x04DA, 0x04DA, 0x0000, // 0x0540 (1344) pixels
    0x0000, 0x0000, 0x0000, 0x0000, 0x0000, 0x0000, 0x0000, 0x0000, 0x0000, 0x0000, 0x0000, 0x0000, 0x0000, 0xFFFF, 0x0000, 0xFFFF, // 0x0550 (1360) pixels
    0xFFFF, 0xFFFF, 0x0000, 0x0000, 0x0000, 0xFFFF, 0xFFFF, 0xFFFF, 0xFFFF, 0x0000, 0x0000, 0x0000, 0x0000, 0x0000, 0x0000, 0x0000, // 0x0560 (1376) pixels
    0x0000, 0x0000, 0x0000, 0x0000, 0x0080, 0x0505, 0x0505, 0x0505, 0x0505, 0x0505, 0x0860, 0xD000, 0xD000, 0xD000, 0xD000, 0xD000, // 0x0570 (1392) pixels
    0x0000, 0x0000, 0x0000, 0x0000, 0x0000, 0x0000, 0x0000, 0x0000, 0x0000, 0x0000, 0x04DA, 0x04DA, 0x0000, 0x0021, 0x04DA, 0x0000, // 0x0580 (1408) pixels
    0x0000, 0x0000, 0x0000, 0x0000, 0x0000, 0x0000, 0x0000, 0x0000, 0x0000, 0x0000, 0x0000, 0x0000, 0xFFFF, 0xFFFF, 0x0000, 0xFFFF, // 0x0590 (1424) pixels
    0xFFFF, 0xFFFF, 0x0000, 0x0000, 0x0000, 0x0000, 0xFFFF, 0xFFFF, 0x0000, 0x0000, 0x0000, 0xFFFF, 0xFFFF, 0x0000, 0x0000, 0x0000, // 0x05A0 (1440) pixels
    0x0000, 0x0000, 0x0000, 0x0000, 0x0020, 0x0505, 0x0505, 0x0000, 0x0505, 0x0505, 0x0000, 0xD000, 0xD000, 0x0000, 0xD000, 0xD000, // 0x05B0 (1456) pixels
    0x0000, 0x0000, 0x0000, 0x0000, 0x0000, 0x0020, 0x0000, 0x04DA, 0x04DA, 0x0000, 0x0000, 0x04DA, 0x0000, 0x0000, 0x04DA, 0x04DA, // 0x05C0 (1472) pixels
    0x0000, 0x0000, 0x0000, 0x0000, 0x0000, 0x0000, 0x0000, 0x0000, 0x0000, 0x0000, 0x0000, 0xFFFF, 0xFFFF, 0x0000, 0x0000, 0xFFFF, // 0x05D0 (1488) pixels
    0xFFFF, 0x0000, 0x0000, 0x0000, 0x0000, 0x0000, 0x0000, 0x0000, 0x0000, 0x0000, 0xFFFF, 0xFFFF, 0xFFFF, 0x0000, 0x0000, 0x0000, // 0x05E0 (1504) pixels
    0x0000, 0x0000, 0x0000, 0x0000, 0x0000, 0x0000, 0x0000, 0x210E, 0x0000, 0x0000, 0x0000, 0x0000, 0x0000, 0x0000, 0x0841, 0x0000, // 0x05F0 (1520) pixels
    0x0000, 0x0000, 0x0000, 0x0000, 0x04DA, 0x04DA, 0x0000, 0x0000, 0x04DA, 0x0000, 0x0000, 0x04DA, 0x04DA, 0x0000, 0x0000, 0x04DA, // 0x0600 (1536) pixels
    0x0000, 0x0000, 0x0000, 0x0000, 0x0000, 0xFFFF, 0xFFFF, 0xFFFF, 0xFFFF, 0xFFFF, 0xFFFF, 0xFFFF, 0xFFFF, 0xFFFF, 0xFFFF, 0xFFFF, // 0x0610 (1552) pixels
    0xFFFF, 0xFFFF, 0xFFFF, 0xFFFF, 0xFFFF, 0xFFFF, 0xFFFF, 0xFFFF, 0x0000, 0x0000, 0xFFFF, 0xFFFF, 0xFFFF, 0xFFFF, 0xFFFF, 0xFFFF, // 0x0620 (1568) pixels
    0xFFFF, 0x0000, 0x0000, 0x0000, 0x0001, 0x210E, 0x210E, 0x210E, 0x210E, 0x210E, 0x0001, 0x0000, 0x0000, 0x0000, 0xFFFF, 0x0000, // 0x0630 (1584) pixels
    0x0000, 0x0000, 0x0000, 0x04DA, 0x04DA, 0x04DA, 0x04DA, 0x0000, 0x04DA, 0x04DA, 0x0000, 0x0000, 0x04DA, 0x0000, 0x0000, 0x04DA, // 0x0640 (1600) pixels
    0x0000, 0x0000, 0xFFFF, 0xFFFF, 0xFFFF, 0xFFFF, 0xFFFF, 0xFFFF, 0xFFFF, 0xFFFF, 0xFFFF, 0xFFFF, 0xFFFF, 0xFFFF, 0xFFFF, 0xFFFF, // 0x0650 (1616) pixels
    0xFFFF, 0xFFFF, 0xFFFF, 0xFFFF, 0xFFFF, 0xFFFF, 0xFFFF, 0x0861, 0x0000, 0x0000, 0x0000, 0xFFFF, 0xFFFF, 0xFFFF, 0xFFFF, 0xFFFF, // 0x0660 (1632) pixels
    0xFFFF, 0x0000, 0x0000, 0x0000, 0x0001, 0x210E, 0x210E, 0x210E, 0x210E, 0x210E, 0x0000, 0x0000, 0xFFFF, 0xFFFF, 0xFFFF, 0xFFFF, // 0x0670 (1648) pixels
    0xFFFF, 0x0000, 0x0000, 0x0000, 0x04DA, 0x04DA, 0x0000, 0x0000, 0x04DA, 0x0000, 0x0000, 0x04DA, 0x04DA, 0x0000, 0x0000, 0x04DA, // 0x0680 (1664) pixels
    0x0000, 0xFFFF, 0xFFFF, 0xFFFF, 0x0000, 0x0000, 0x0000, 0x1082, 0xFFFF, 0xFFFF, 0x0000, 0x0000, 0x0000, 0x0000, 0xFFFF, 0xFFFF, // 0x0690 (1680) pixels
    0x0000, 0x0000, 0x0000, 0x0000, 0xFFFF, 0xFFFF, 0xFFFF, 0x0020, 0x0000, 0x0000, 0x0000, 0xFFFF, 0x0000, 0x0000, 0xFFFF, 0xFFFF, // 0x06A0 (1696) pixels
    0xFFFF, 0x0000, 0x0000, 0x0000, 0x0000, 0x0000, 0x20ED, 0x210E, 0x210E, 0x0000, 0x0000, 0x0000, 0xFFFF, 0xFFFF, 0xFFFF, 0xFFFF, // 0x06B0 (1712) pixels
    0xFFFF, 0x0000, 0x0000, 0x0000, 0x0000, 0x0000, 0x0000, 0x04DA, 0x04DA, 0x0000, 0x0000, 0x04DA, 0x0000, 0x0000, 0x04DA, 0x04DA, // 0x06C0 (1728) pixels
    0xFFFF, 0xFFFF, 0xFFFF, 0xFFFF, 0x0000, 0x0000, 0x0000, 0xFFFF, 0xFFFF, 0x0000, 0x0000, 0x0000, 0x0000, 0xFFFF, 0xFFFF, 0xFFFF, // 0x06D0 (1744) pixels
    0x0841, 0x0000, 0x0000, 0x0000, 0xFFFF, 0xFFFF, 0xFFFF, 0x0000, 0x0000, 0x0000, 0xFFFF, 0xFFFF, 0x0000, 0x0000, 0xFFFF, 0xFFFF, // 0x06E0 (1760) pixels
    0x0000, 0x0000, 0x0000, 0x0000, 0x0000, 0x292E, 0x210E, 0x210E, 0x210E, 0x210E, 0x0000, 0xFFFF, 0xFFFF, 0xFFFF, 0xFFFF, 0xFFFF, // 0x06F0 (1776) pixels
    0xFFFF, 0xFFFF, 0x0000, 0x0000, 0x0000, 0x0000, 0x0000, 0x0041, 0x0000, 0x0000, 0x04DA, 0x04DA, 0x0000, 0x0000, 0x04DA, 0x0000, // 0x0700 (1792) pixels
    0xFFFF, 0xFFFF, 0xFFFF, 0xFFFF, 0x0000, 0x0000, 0xFFFF, 0xFFFF, 0x0000, 0x0000, 0x0000, 0x0000, 0x0000, 0xFFFF, 0xFFFF, 0xFFFF, // 0x0710 (1808) pixels
    0x0841, 0x0000, 0x0000, 0x0841, 0xFFFF, 0xFFFF, 0x0000, 0x0000, 0x0000, 0xFFFF, 0xFFFF, 0x0861, 0x0000, 0x0000, 0xFFFF, 0xFFFF, // 0x0720 (1824) pixels
    0x0000, 0x0000, 0x0000, 0x0000, 0x0001, 0x210E, 0x210E, 0x0000, 0x210E, 0x210E, 0x0000, 0x0000, 0xFFFF, 0xFFFF, 0xFFFF, 0xFFFF, // 0x0730 (1840) pixels
    0xFFFF, 0x0000, 0x0000, 0x0000, 0x0000, 0x0000, 0x0000, 0x0000, 0x0000, 0x04DA, 0x04DA, 0x0000, 0x0000, 0x04DA, 0x04DA, 0x0000, // 0x0740 (1856) pixels
    0xFFFF, 0xFFFF, 0xFFFF, 0xFFFF, 0xFFFF, 0xFFFF, 0xFFFF, 0x0000, 0x0000, 0x0000, 0x0000, 0x0020, 0xFFFF, 0xFFFF, 0xFFFF, 0x0000, // 0x0750 (1872) pixels
    0x0000, 0x0000, 0x0000, 0x0841, 0xFFFF, 0xFFFF, 0xFFFF, 0xFFFF, 0xFFFF, 0xFFFF, 0x0000, 0x0000, 0x0000, 0x0000, 0xFFFF, 0xFFFF, // 0x0760 (1888) pixels
    0xFFFF, 0xFFFF, 0xFFFF, 0x0000, 0x0000, 0x0000, 0x0000, 0x0000, 0x0000, 0x0000, 0x0000, 0x0000, 0xFFFF, 0xFFFF, 0x0000, 0xFFFF, // 0x0770 (1904) pixels
    0xFFFF, 0x0000, 0x0000, 0x0000, 0x0000, 0x0000, 0x0000, 0x0000, 0x0000, 0x0000, 0x0000, 0x0000, 0x04DA, 0x04DA, 0x0041, 0x0000, // 0x0780 (1920) pixels
    0x0000, 0x0000, 0xFFFF, 0xFFFF, 0xFFFF, 0x0000, 0x0000, 0x0000, 0x0000, 0x0000, 0x0000, 0x0000, 0x0000, 0x0000, 0x0000, 0x0000, // 0x0790 (1936) pixels
    0x0000, 0x0000, 0x0000, 0x0000, 0x0000, 0x0000, 0x0000, 0x0000, 0x0000, 0x0000, 0x0000, 0x0000, 0x0000, 0x0000, 0x0000, 0x0000, // 0x07A0 (1952) pixels
    0x0000, 0x0000, 0x0000, 0x0000, 0x0000, 0x0000, 0x0000, 0x0000, 0x0000, 0x0000, 0x0000, 0x0000, 0x0000, 0x0000, 0x0000, 0x0000, // 0x07B0 (1968) pixels
    0x0000, 0x0000, 0x0000, 0x0000, 0x0000, 0x0000, 0x0000, 0x0000, 0x0000, 0x0000, 0x0000, 0x04DA, 0x04DA, 0x0041, 0x0000, 0x0000, // 0x07C0 (1984) pixels
    0x0000, 0x0000, 0x0000, 0x0000, 0x0000, 0x0000, 0x0000, 0x0000, 0x0000, 0x0000, 0x0000, 0x0000, 0x0000, 0x0000, 0x0000, 0x0000, // 0x07D0 (2000) pixels
    0x0000, 0x0000, 0x0000, 0x0000, 0x0000, 0x0000, 0x0000, 0x0000, 0x0000, 0x0000, 0x0000, 0x0000, 0x0000, 0x0000, 0x0000, 0x0000, // 0x07E0 (2016) pixels
    0x0000, 0x0000, 0x0000, 0x0000, 0x0000, 0x0000, 0x0000, 0x0000, 0x0000, 0x0000, 0x0000, 0x0000, 0x0000, 0x0000, 0x0000, 0x0000, // 0x07F0 (2032) pixels
    0x0000, 0x0000, 0x0000, 0x0000, 0x0000, 0x0000, 0x0000, 0x0000, 0x0000, 0x0000, 0x0000, 0x0000, 0x0000, 0x0000, 0x0000, 0x0000, // 0x0800 (2048) pixels
};

// Logo AirCarto - 64x32 pixels, RGB565
static const uint16_t logo_aircarto[] = {
    0x0000, 0x0000, 0x0000, 0x0000, 0x0000, 0x0000, 0x0000, 0x0000, 0x0000, 0x0000, 0x0000, 0x0000, 0x0000, 0x0000, 0x0000, 0x0000, // 0x0010 (16) pixels
    0x0000, 0x0000, 0x0000, 0x0000, 0x0000, 0x0000, 0x0000, 0x0000, 0x0000, 0x0000, 0x0000, 0x0000, 0x0000, 0x0000, 0x0000, 0x0000, // 0x0020 (32) pixels
    0x0000, 0x0000, 0x0000, 0x0000, 0x0000, 0x0000, 0x0000, 0x0000, 0x0000, 0x0000, 0x0000, 0x0000, 0x0000, 0x0000, 0x0000, 0x0000, // 0x0030 (48) pixels
    0x0000, 0x0000, 0x0000, 0x0000, 0x0000, 0x0000, 0x0000, 0x0000, 0x0000, 0x0000, 0x0000, 0x0000, 0x0000, 0x0000, 0x0000, 0x0000, // 0x0040 (64) pixels
    0x0000, 0x0000, 0x0000, 0x0000, 0x0000, 0x0000, 0x0000, 0x0000, 0x0000, 0x0000, 0x0000, 0x0000, 0x0000, 0x0000, 0x0000, 0x0000, // 0x0050 (80) pixels
    0x0000, 0x0000, 0x0000, 0x0000, 0x0000, 0x0000, 0x0000, 0x0000, 0x0000, 0x0000, 0x0000, 0x0000, 0x0000, 0x0000, 0x0000, 0x0000, // 0x0060 (96) pixels
    0x0000, 0x0000, 0x0000, 0x0000, 0x0000, 0x0000, 0x0000, 0x0000, 0x0000, 0x0000, 0x0000, 0x0000, 0x0000, 0x0000, 0x0000, 0x0000, // 0x0070 (112) pixels
    0x0000, 0x0000, 0x0000, 0x0000, 0x0000, 0x0000, 0x0000, 0x0000, 0x0000, 0x0000, 0x0000, 0x0000, 0x0000, 0x0000, 0x0000, 0x0000, // 0x0080 (128) pixels
    0x0000, 0x0000, 0x0000, 0x0000, 0x0000, 0x0000, 0x0000, 0x0000, 0x0000, 0x0000, 0x0000, 0x0000, 0x0000, 0x0000, 0x0000, 0x0000, // 0x0090 (144) pixels
    0x0000, 0x0000, 0x0000, 0x0000, 0x0000, 0x0000, 0x0000, 0x0000, 0x0000, 0x0000, 0x0000, 0x0000, 0x0000, 0x0000, 0x0000, 0x0000, // 0x00A0 (160) pixels
    0x0000, 0x0000, 0x0000, 0x0000, 0x0000, 0x0000, 0x0000, 0x0000, 0x0000, 0x0000, 0x0000, 0x0000, 0x0000, 0x0000, 0x0000, 0x0000, // 0x00B0 (176) pixels
    0x0000, 0x0000, 0x0000, 0x0000, 0x0000, 0x0000, 0x0000, 0x0000, 0x0000, 0x0000, 0x0000, 0x0000, 0x0000, 0x0000, 0x0000, 0x0000, // 0x00C0 (192) pixels
    0x0000, 0x0000, 0x0000, 0x0000, 0x0000, 0x0000, 0x0000, 0x0000, 0x0000, 0x0000, 0x0000, 0x0000, 0x0000, 0x0000, 0x0000, 0x0000, // 0x00D0 (208) pixels
    0x0000, 0x0000, 0x0000, 0x0000, 0x0000, 0x0000, 0x0000, 0x0000, 0x0000, 0x0000, 0x0000, 0x0000, 0x0000, 0x0000, 0x0000, 0x0000, // 0x00E0 (224) pixels
    0x0000, 0x0000, 0x0000, 0x0000, 0x0000, 0x0000, 0x0000, 0x0000, 0x0000, 0x0000, 0x0000, 0x0000, 0x0000, 0x0000, 0x0000, 0x0000, // 0x00F0 (240) pixels
    0x0000, 0x0000, 0x0000, 0x0000, 0x0000, 0x0000, 0x0000, 0x0000, 0x0000, 0x0000, 0x0000, 0x0000, 0x0000, 0x0000, 0x0000, 0x0000, // 0x0100 (256) pixels
    0x0000, 0x0000, 0x0000, 0x0000, 0x0000, 0x0000, 0x0000, 0x0000, 0x0000, 0x0000, 0x0000, 0x0000, 0x0000, 0x0000, 0x0000, 0x0000, // 0x0110 (272) pixels
    0x0000, 0x0000, 0x0000, 0x0000, 0x0000, 0x0000, 0x0000, 0x0000, 0x0000, 0x0000, 0x0000, 0x0000, 0x0000, 0x0000, 0x0000, 0x0000, // 0x0120 (288) pixels
    0x0000, 0x0000, 0x0000, 0x0000, 0x0000, 0x0000, 0x0000, 0x0000, 0x0000, 0x0000, 0x0000, 0x0000, 0x0000, 0x0000, 0x0000, 0x0000, // 0x0130 (304) pixels
    0x0000, 0x0000, 0x0000, 0x0000, 0x0000, 0x0000, 0x0000, 0x0000, 0x0000, 0x0000, 0x0000, 0x0000, 0x0000, 0x0000, 0x0000, 0x0000, // 0x0140 (320) pixels
    0x0000, 0x0000, 0x0000, 0x0000, 0x0000, 0x0000, 0x0000, 0x0000, 0x0000, 0x0000, 0x0000, 0x0000, 0x0000, 0x0000, 0x0000, 0x0000, // 0x0150 (336) pixels
    0x0000, 0x0000, 0x0000, 0x0000, 0x0000, 0x0000, 0x0000, 0x0000, 0x0000, 0x0000, 0x0000, 0x0000, 0x0000, 0x0000, 0x0000, 0x0000, // 0x0160 (352) pixels
    0x0000, 0x0000, 0x0000, 0x0000, 0x0000, 0x0000, 0x0000, 0x0000, 0x0000, 0x0000, 0x0000, 0x0000, 0x0000, 0x0000, 0x0000, 0x0000, // 0x0170 (368) pixels
    0x0000, 0x0000, 0x0000, 0x0000, 0x0000, 0x0000, 0x0000, 0x0000, 0x0000, 0x0000, 0x0000, 0x0000, 0x0000, 0x0000, 0x0000, 0x0000, // 0x0180 (384) pixels
    0x0000, 0x0000, 0x0000, 0x0000, 0x0000, 0x0000, 0x0000, 0x0000, 0x0000, 0x0000, 0x0000, 0x0000, 0x0000, 0x0000, 0x0000, 0x0000, // 0x0190 (400) pixels
    0x0000, 0x0000, 0x0000, 0x0000, 0x0000, 0x0000, 0x0000, 0x0000, 0x0000, 0x0000, 0x0000, 0x0000, 0x0000, 0x0000, 0x0000, 0x0000, // 0x01A0 (416) pixels
    0x0000, 0x0000, 0x0000, 0x0000, 0x0000, 0x0000, 0x0000, 0x0000, 0x0000, 0x0000, 0x0000, 0x0000, 0x0000, 0x0000, 0x0000, 0x0000, // 0x01B0 (432) pixels
    0x0000, 0x0000, 0x0000, 0x0000, 0x0000, 0x0000, 0x0000, 0x0000, 0x0000, 0x0000, 0x0000, 0x0000, 0x0000, 0x0000, 0x0000, 0x0000, // 0x01C0 (448) pixels
    0x0000, 0x0000, 0x0000, 0x0000, 0x0000, 0x0000, 0x0000, 0x0000, 0x0000, 0x0000, 0x0000, 0x0000, 0x0000, 0x0000, 0x0000, 0x0000, // 0x01D0 (464) pixels
    0x0000, 0x0000, 0x0000, 0x0000, 0x0000, 0x0000, 0x0000, 0x0000, 0x0000, 0x0000, 0x0000, 0x0000, 0x0000, 0x0000, 0x0000, 0x0000, // 0x01E0 (480) pixels
    0x0000, 0x0000, 0x0000, 0x0000, 0x0000, 0x0000, 0x0000, 0x0000, 0x0000, 0x0000, 0x0000, 0x0000, 0x0000, 0x0000, 0x0000, 0x0000, // 0x01F0 (496) pixels
    0x0000, 0x0000, 0x0000, 0x0000, 0x0000, 0x0000, 0x0000, 0x0000, 0x0000, 0x0000, 0x0000, 0x0000, 0x0000, 0x0000, 0x0000, 0x0000, // 0x0200 (512) pixels
    0x0000, 0x0000, 0x0000, 0x0000, 0x0000, 0x0000, 0x0000, 0x0000, 0x0000, 0x2478, 0x2437, 0x2437, 0x0000, 0x0000, 0x0020, 0x0000, // 0x0210 (528) pixels
    0x0000, 0x0000, 0x0000, 0x0000, 0x0000, 0x0000, 0x0000, 0x0000, 0x0000, 0x0000, 0x0000, 0x0000, 0x0000, 0x0000, 0x0000, 0x0000, // 0x0220 (544) pixels
    0x0000, 0x0000, 0x0000, 0x0000, 0x0000, 0x0000, 0x0000, 0x0000, 0x0000, 0x0000, 0x0000, 0x0000, 0x0000, 0x0000, 0x0000, 0x0000, // 0x0230 (560) pixels
    0x0000, 0x0000, 0x0000, 0x0000, 0x0000, 0x0000, 0x0000, 0x0000, 0x0000, 0x0000, 0x0000, 0x0000, 0x0000, 0x0000, 0x0000, 0x0000, // 0x0240 (576) pixels
    0x0000, 0x0000, 0x0000, 0x0000, 0x0000, 0x0000, 0x0000, 0x2457, 0x2478, 0x2478, 0x2478, 0x2478, 0x2478, 0x2478, 0x2478, 0x0000, // 0x0250 (592) pixels
    0x0000, 0x2478, 0x2478, 0x0000, 0x0041, 0x0000, 0x0000, 0x0000, 0x0000, 0x0000, 0x0000, 0x0000, 0x0000, 0x0000, 0x0000, 0x0000, // 0x0260 (608) pixels
    0x0000, 0x0000, 0x0000, 0x0000, 0x0000, 0x0000, 0x0000, 0x0000, 0x0000, 0x0000, 0x0000, 0x0000, 0x0000, 0x0000, 0x0000, 0x0000, // 0x0270 (624) pixels
    0x0000, 0x0000, 0x0000, 0x0000, 0x0000, 0x0000, 0x0000, 0x0000, 0x0000, 0x0000, 0x0000, 0x0000, 0x0000, 0x0000, 0x0000, 0x0000, // 0x0280 (640) pixels
    0x0000, 0x0000, 0x0000, 0x0000, 0x0000, 0x0000, 0x2478, 0x2478, 0x2478, 0x2478, 0x2478, 0x2478, 0x2478, 0x2478, 0x2478, 0x2478, // 0x0290 (656) pixels
    0x2478, 0x2478, 0x2478, 0x2478, 0x2416, 0x0000, 0x0000, 0x0000, 0x0000, 0x0000, 0x0000, 0x0000, 0x0000, 0x0000, 0x0000, 0x0000, // 0x02A0 (672) pixels
    0x0000, 0x0000, 0x0000, 0x0000, 0x0000, 0x0000, 0x0000, 0x0000, 0x0000, 0x0000, 0x0000, 0x0000, 0x0000, 0x0000, 0x0000, 0x0000, // 0x02B0 (688) pixels
    0x0000, 0x0000, 0x0000, 0x0000, 0x0000, 0x0000, 0x0000, 0x0000, 0x0000, 0x0000, 0x0000, 0x0000, 0x0000, 0x0000, 0x0000, 0x0000, // 0x02C0 (704) pixels
    0x0000, 0x0000, 0x0000, 0x0000, 0x0000, 0x2457, 0x2478, 0x2478, 0x2478, 0x2478, 0x2478, 0x2478, 0x2478, 0x2478, 0x2478, 0x2478, // 0x02D0 (720) pixels
    0x2478, 0x2478, 0x2478, 0x2478, 0x2478, 0x2478, 0x08A3, 0x0000, 0x0000, 0x0000, 0x0000, 0x0000, 0x0000, 0x0000, 0x0000, 0x0000, // 0x02E0 (736) pixels
    0x0000, 0x0000, 0x0000, 0x0000, 0x0000, 0x0000, 0x0000, 0x0000, 0x0000, 0x0000, 0x0000, 0x0000, 0x0000, 0x0000, 0x0000, 0x0000, // 0x02F0 (752) pixels
    0x0000, 0x0000, 0x0000, 0x0000, 0x0000, 0x0000, 0x0000, 0x0000, 0x0000, 0x0000, 0x0000, 0x0000, 0x0000, 0x0000, 0x0000, 0x0000, // 0x0300 (768) pixels
    0x0000, 0x0000, 0x0000, 0x0041, 0x0000, 0x2478, 0x2457, 0x2436, 0x2436, 0x2478, 0x2478, 0x2478, 0x2478, 0x2478, 0x2478, 0x0000, // 0x0310 (784) pixels
    0x0000, 0x2478, 0x2478, 0x2478, 0x2478, 0x2478, 0x2478, 0x0000, 0x0000, 0x0000, 0x0000, 0x0000, 0x0020, 0x0000, 0x0000, 0x0041, // 0x0320 (800) pixels
    0x0000, 0x0000, 0x0000, 0x0000, 0x0000, 0x0000, 0x0000, 0x0000, 0x0000, 0x0000, 0x0000, 0x0000, 0x0000, 0x0000, 0x0000, 0x0000, // 0x0330 (816) pixels
    0x0000, 0x0000, 0x0000, 0x0000, 0x0000, 0x0000, 0x0000, 0x0000, 0x0000, 0x0000, 0x0000, 0x0000, 0x0000, 0x0000, 0x0000, 0x0000, // 0x0340 (832) pixels
    0x0000, 0x0000, 0x0000, 0x2437, 0x2478, 0x2478, 0x0000, 0x0000, 0x0000, 0x08A3, 0x2478, 0x2478, 0x2478, 0x2457, 0x2478, 0x0000, // 0x0350 (848) pixels
    0x0000, 0x2478, 0x2478, 0x2478, 0x2478, 0x2478, 0x2478, 0x0000, 0x0000, 0x0000, 0x0000, 0x0000, 0x2478, 0x2478, 0x2478, 0x0000, // 0x0360 (864) pixels
    0x0000, 0x0021, 0x0000, 0x0000, 0x0000, 0x0000, 0x0000, 0x0000, 0x0000, 0x0000, 0x0000, 0x0000, 0x0000, 0x0000, 0x0000, 0x0000, // 0x0370 (880) pixels
    0x0000, 0x0000, 0x0000, 0x0000, 0x0000, 0x0000, 0x0000, 0x0000, 0x0000, 0x0000, 0x0000, 0x0000, 0x0000, 0x0000, 0x0000, 0x0000, // 0x0380 (896) pixels
    0x0000, 0x0000, 0x2478, 0x2478, 0x2478, 0x2478, 0x0000, 0x0000, 0x0000, 0x0000, 0x2478, 0x2478, 0x2478, 0x2478, 0x2478, 0x2478, // 0x0390 (912) pixels
    0x2478, 0x2478, 0x2478, 0x2478, 0x2478, 0x2478, 0x2478, 0x2478, 0x0000, 0x0000, 0x0000, 0x2478, 0x2478, 0x2478, 0x2478, 0x2478, // 0x03A0 (928) pixels
    0x2478, 0x0000, 0x0000, 0x0000, 0x0000, 0x0000, 0x0000, 0x0000, 0x0000, 0x0000, 0x0000, 0x0000, 0x0000, 0x0000, 0x0000, 0x0000, // 0x03B0 (944) pixels
    0x0000, 0x0000, 0x0000, 0x2478, 0x2478, 0x0020, 0x0000, 0x0000, 0x0000, 0x0000, 0x0000, 0x0000, 0x0000, 0x0000, 0x0000, 0x0000, // 0x03C0 (960) pixels
    0x0000, 0x2478, 0x2478, 0x2478, 0x2478, 0x0000, 0x0000, 0x0000, 0x0000, 0x0000, 0x0000, 0x2478, 0x2478, 0x2478, 0x2478, 0x2478, // 0x03D0 (976) pixels
    0x2478, 0x2478, 0x2478, 0x0000, 0x2478, 0x2478, 0x0000, 0x0000, 0x2478, 0x2478, 0x2478, 0x2478, 0x2478, 0x0000, 0x0000, 0x2478, // 0x03E0 (992) pixels
    0x2478, 0x0000, 0x0021, 0x0000, 0x0000, 0x2478, 0x2478, 0x0000, 0x0000, 0x0000, 0x0000, 0x0000, 0x2478, 0x0000, 0x0000, 0x2478, // 0x03F0 (1008) pixels
    0x2478, 0x0000, 0x0000, 0x2478, 0x2478, 0x0000, 0x0000, 0x0020, 0x0000, 0x0000, 0x0000, 0x2478, 0x2478, 0x0000, 0x0000, 0x0000, // 0x0400 (1024) pixels
    0x0000, 0x2478, 0x2478, 0x2478, 0x2457, 0x0000, 0x0000, 0x0020, 0x0000, 0x0000, 0x0041, 0x2478, 0x2478, 0x2478, 0x2478, 0x0000, // 0x0410 (1040) pixels
    0x0000, 0x2478, 0x2478, 0x0000, 0x0000, 0x0000, 0x0000, 0x0000, 0x2478, 0x2478, 0x2478, 0x2478, 0x0083, 0x0000, 0x0000, 0x0000, // 0x0420 (1056) pixels
    0x0000, 0x0000, 0x0021, 0x0000, 0x2478, 0x2478, 0x2478, 0x2478, 0x2478, 0x0000, 0x0000, 0x0000, 0x2478, 0x2478, 0x2478, 0x2478, // 0x0430 (1072) pixels
    0x2478, 0x0000, 0x2478, 0x2478, 0x2478, 0x2478, 0x2478, 0x0000, 0x0041, 0x2478, 0x2478, 0x2478, 0x2478, 0x2478, 0x2478, 0x0000, // 0x0440 (1088) pixels
    0x2478, 0x2478, 0x2478, 0x2478, 0x0000, 0x0000, 0x0000, 0x2478, 0x2478, 0x0000, 0x0000, 0x0000, 0x2478, 0x2478, 0x2478, 0x0000, // 0x0450 (1104) pixels
    0x0000, 0x2478, 0x2478, 0x0000, 0x0000, 0x0000, 0x0000, 0x2478, 0x2478, 0x0000, 0x2478, 0x2478, 0x0000, 0x0000, 0x0000, 0x0000, // 0x0460 (1120) pixels
    0x0000, 0x0000, 0x0000, 0x0000, 0x0000, 0x0000, 0x0000, 0x2478, 0x2478, 0x0000, 0x0000, 0x0000, 0x2478, 0x2478, 0x2478, 0x2478, // 0x0470 (1136) pixels
    0x0000, 0x0000, 0x0000, 0x2478, 0x2478, 0x0000, 0x0000, 0x0000, 0x0000, 0x2478, 0x2478, 0x0000, 0x0000, 0x2478, 0x2478, 0x0000, // 0x0480 (1152) pixels
    0x2478, 0x2478, 0x2478, 0x2478, 0x0000, 0x0000, 0x0041, 0x2478, 0x2478, 0x0020, 0x0000, 0x0000, 0x2478, 0x2478, 0x2478, 0x0000, // 0x0490 (1168) pixels
    0x0000, 0x2478, 0x2478, 0x0000, 0x0000, 0x2478, 0x2478, 0x2478, 0x2478, 0x0000, 0x2478, 0x2478, 0x0000, 0x0000, 0x0000, 0x0000, // 0x04A0 (1184) pixels
    0x0000, 0x0000, 0x0000, 0x0000, 0x2478, 0x2478, 0x2478, 0x2478, 0x2478, 0x0000, 0x0000, 0x0000, 0x2478, 0x2478, 0x0000, 0x0000, // 0x04B0 (1200) pixels
    0x0000, 0x0000, 0x0000, 0x2478, 0x2478, 0x0000, 0x0000, 0x0000, 0x2478, 0x2478, 0x0000, 0x0000, 0x0000, 0x0000, 0x2478, 0x2457, // 0x04C0 (1216) pixels
    0x0000, 0x2478, 0x2478, 0x2478, 0x0000, 0x0000, 0x0000, 0x0000, 0x0000, 0x0000, 0x0000, 0x0000, 0x2478, 0x2478, 0x2478, 0x0000, // 0x04D0 (1232) pixels
    0x0000, 0x2478, 0x2478, 0x0000, 0x0000, 0x2478, 0x2478, 0x2478, 0x2478, 0x0000, 0x2478, 0x2478, 0x0041, 0x0000, 0x0000, 0x0000, // 0x04E0 (1248) pixels
    0x0000, 0x0000, 0x0000, 0x2478, 0x2478, 0x2478, 0x2478, 0x2478, 0x2478, 0x0000, 0x0000, 0x0000, 0x2478, 0x2458, 0x0000, 0x0000, // 0x04F0 (1264) pixels
    0x0000, 0x0000, 0x0000, 0x2478, 0x2478, 0x0020, 0x0000, 0x0000, 0x2478, 0x2478, 0x0000, 0x0000, 0x0000, 0x0000, 0x2478, 0x2478, // 0x0500 (1280) pixels
    0x0000, 0x2478, 0x2478, 0x0000, 0x0000, 0x0000, 0x0000, 0x0000, 0x0000, 0x0000, 0x0000, 0x0000, 0x0000, 0x2478, 0x2478, 0x0000, // 0x0510 (1296) pixels
    0x0000, 0x2478, 0x2478, 0x0000, 0x0000, 0x2478, 0x2478, 0x2478, 0x2478, 0x2478, 0x2478, 0x2478, 0x2478, 0x0000, 0x0000, 0x2478, // 0x0520 (1312) pixels
    0x2478, 0x0000, 0x0000, 0x2478, 0x2478, 0x0000, 0x0000, 0x2478, 0x2478, 0x0000, 0x0000, 0x0000, 0x2478, 0x2458, 0x0000, 0x0000, // 0x0530 (1328) pixels
    0x0000, 0x0000, 0x0000, 0x2478, 0x2478, 0x08A4, 0x0041, 0x0000, 0x2478, 0x2478, 0x2458, 0x0021, 0x0000, 0x2436, 0x2478, 0x2478, // 0x0540 (1344) pixels
    0x0000, 0x0000, 0x2478, 0x0000, 0x0000, 0x0000, 0x0000, 0x2478, 0x2478, 0x0000, 0x0000, 0x0000, 0x0000, 0x2478, 0x2478, 0x0000, // 0x0550 (1360) pixels
    0x0000, 0x2478, 0x2478, 0x0000, 0x0000, 0x2478, 0x2478, 0x2478, 0x2478, 0x0000, 0x2478, 0x2478, 0x2478, 0x2478, 0x2478, 0x2478, // 0x0560 (1376) pixels
    0x2478, 0x0000, 0x0000, 0x2478, 0x2478, 0x2478, 0x2478, 0x2478, 0x2478, 0x0000, 0x0000, 0x0000, 0x2478, 0x2478, 0x0000, 0x0000, // 0x0570 (1392) pixels
    0x0000, 0x0000, 0x0000, 0x2478, 0x2478, 0x2478, 0x2478, 0x0021, 0x0000, 0x2478, 0x2478, 0x2457, 0x2436, 0x2478, 0x2478, 0x0000, // 0x0580 (1408) pixels
    0x0000, 0x0000, 0x0000, 0x0000, 0x0000, 0x0041, 0x2478, 0x2478, 0x2478, 0x2478, 0x0021, 0x0000, 0x0000, 0x2416, 0x2478, 0x0000, // 0x0590 (1424) pixels
    0x0000, 0x2436, 0x2478, 0x0000, 0x0000, 0x2478, 0x2416, 0x0000, 0x0000, 0x0000, 0x0000, 0x0000, 0x2437, 0x2478, 0x2478, 0x2478, // 0x05A0 (1440) pixels
    0x0000, 0x0000, 0x0000, 0x0000, 0x2457, 0x2478, 0x0000, 0x0000, 0x2437, 0x0000, 0x0000, 0x0000, 0x2437, 0x2436, 0x0000, 0x0000, // 0x05B0 (1456) pixels
    0x0000, 0x0000, 0x0000, 0x0000, 0x2437, 0x2478, 0x2478, 0x0082, 0x0000, 0x0000, 0x2416, 0x2478, 0x2478, 0x2416, 0x0000, 0x0000, // 0x05C0 (1472) pixels
    0x0000, 0x0000, 0x0000, 0x0000, 0x0000, 0x0000, 0x0000, 0x0000, 0x0000, 0x0000, 0x0000, 0x0000, 0x0000, 0x0000, 0x0000, 0x0000, // 0x05D0 (1488) pixels
    0x0000, 0x0000, 0x0000, 0x0000, 0x0000, 0x0000, 0x0000, 0x0000, 0x0000, 0x0000, 0x0000, 0x0000, 0x0000, 0x0000, 0x0000, 0x0000, // 0x05E0 (1504) pixels
    0x0000, 0x0000, 0x0000, 0x0000, 0x0000, 0x0000, 0x0000, 0x0000, 0x0000, 0x0000, 0x0000, 0x0000, 0x0000, 0x0000, 0x0000, 0x0000, // 0x05F0 (1520) pixels
    0x0000, 0x0000, 0x0000, 0x0000, 0x0000, 0x0000, 0x0000, 0x0000, 0x0000, 0x0000, 0x0000, 0x0000, 0x0000, 0x0000, 0x0000, 0x0000, // 0x0600 (1536) pixels
    0x0000, 0x0000, 0x0000, 0x0000, 0x0000, 0x0000, 0x0000, 0x0000, 0x0000, 0x0000, 0x0000, 0x0000, 0x0000, 0x0000, 0x0000, 0x0000, // 0x0610 (1552) pixels
    0x0000, 0x0000, 0x0000, 0x0000, 0x0000, 0x0000, 0x0000, 0x0000, 0x0000, 0x0000, 0x0000, 0x0000, 0x0000, 0x0000, 0x0000, 0x0000, // 0x0620 (1568) pixels
    0x0000, 0x0000, 0x0000, 0x0000, 0x0000, 0x0000, 0x0000, 0x0000, 0x0000, 0x0000, 0x0000, 0x0000, 0x0000, 0x0000, 0x0000, 0x0000, // 0x0630 (1584) pixels
    0x0000, 0x0000, 0x0000, 0x0000, 0x0000, 0x0000, 0x0000, 0x0000, 0x0000, 0x0000, 0x0000, 0x0000, 0x0000, 0x0000, 0x0000, 0x0000, // 0x0640 (1600) pixels
    0x0000, 0x0000, 0x0000, 0x0000, 0x0000, 0x0000, 0x0000, 0x0000, 0x0000, 0x0000, 0x0000, 0x0000, 0x0000, 0x0000, 0x0000, 0x0000, // 0x0650 (1616) pixels
    0x0000, 0x0000, 0x0000, 0x0000, 0x0000, 0x0000, 0x0000, 0x0000, 0x0000, 0x0000, 0x0000, 0x0000, 0x0000, 0x0000, 0x0000, 0x0000, // 0x0660 (1632) pixels
    0x0000, 0x0000, 0x0000, 0x0000, 0x0000, 0x0000, 0x0000, 0x0000, 0x0000, 0x0000, 0x0000, 0x0000, 0x0000, 0x0000, 0x0000, 0x0000, // 0x0670 (1648) pixels
    0x0000, 0x0000, 0x0000, 0x0000, 0x0000, 0x0000, 0x0000, 0x0000, 0x0000, 0x0000, 0x0000, 0x0000, 0x0000, 0x0000, 0x0000, 0x0000, // 0x0680 (1664) pixels
    0x0000, 0x0000, 0x0000, 0x0000, 0x0000, 0x0000, 0x0000, 0x0000, 0x0000, 0x0000, 0x0000, 0x0000, 0x0000, 0x0000, 0x0000, 0x0000, // 0x0690 (1680) pixels
    0x0000, 0x0000, 0x0000, 0x0000, 0x0000, 0x0000, 0x0000, 0x0000, 0x0000, 0x0000, 0x0000, 0x0000, 0x0000, 0x0000, 0x0000, 0x0000, // 0x06A0 (1696) pixels
    0x0000, 0x0000, 0x0000, 0x0000, 0x0000, 0x0000, 0x0000, 0x0000, 0x0000, 0x0000, 0x0000, 0x0000, 0x0000, 0x0000, 0x0000, 0x0000, // 0x06B0 (1712) pixels
    0x0000, 0x0000, 0x0000, 0x0000, 0x0000, 0x0000, 0x0000, 0x0000, 0x0000, 0x0000, 0x0000, 0x0000, 0x0000, 0x0000, 0x0000, 0x0000, // 0x06C0 (1728) pixels
    0x0000, 0x0000, 0x0000, 0x0000, 0x0000, 0x0000, 0x0000, 0x0000, 0x0000, 0x0000, 0x0000, 0x0000, 0x0000, 0x0000, 0x0000, 0x0000, // 0x06D0 (1744) pixels
    0x0000, 0x0000, 0x0000, 0x0000, 0x0000, 0x0000, 0x0000, 0x0000, 0x0000, 0x0000, 0x0000, 0x0000, 0x0000, 0x0000, 0x0000, 0x0000, // 0x06E0 (1760) pixels
    0x0000, 0x0000, 0x0000, 0x0000, 0x0000, 0x0000, 0x0000, 0x0000, 0x0000, 0x0000, 0x0000, 0x0000, 0x0000, 0x0000, 0x0000, 0x0000, // 0x06F0 (1776) pixels
    0x0000, 0x0000, 0x0000, 0x0000, 0x0000, 0x0000, 0x0000, 0x0000, 0x0000, 0x0000, 0x0000, 0x0000, 0x0000, 0x0000, 0x0000, 0x0000, // 0x0700 (1792) pixels
    0x0000, 0x0000, 0x0000, 0x0000, 0x0000, 0x0000, 0x0000, 0x0000, 0x0000, 0x0000, 0x0000, 0x0000, 0x0000, 0x0000, 0x0000, 0x0000, // 0x0710 (1808) pixels
    0x0000, 0x0000, 0x0000, 0x0000, 0x0000, 0x0000, 0x0000, 0x0000, 0x0000, 0x0000, 0x0000, 0x0000, 0x0000, 0x0000, 0x0000, 0x0000, // 0x0720 (1824) pixels
    0x0000, 0x0000, 0x0000, 0x0000, 0x0000, 0x0000, 0x0000, 0x0000, 0x0000, 0x0000, 0x0000, 0x0000, 0x0000, 0x0000, 0x0000, 0x0000, // 0x0730 (1840) pixels
    0x0000, 0x0000, 0x0000, 0x0000, 0x0000, 0x0000, 0x0000, 0x0000, 0x0000, 0x0000, 0x0000, 0x0000, 0x0000, 0x0000, 0x0000, 0x0000, // 0x0740 (1856) pixels
    0x0000, 0x0000, 0x0000, 0x0000, 0x0000, 0x0000, 0x0000, 0x0000, 0x0000, 0x0000, 0x0000, 0x0000, 0x0000, 0x0000, 0x0000, 0x0000, // 0x0750 (1872) pixels
    0x0000, 0x0000, 0x0000, 0x0000, 0x0000, 0x0000, 0x0000, 0x0000, 0x0000, 0x0000, 0x0000, 0x0000, 0x0000, 0x0000, 0x0000, 0x0000, // 0x0760 (1888) pixels
    0x0000, 0x0000, 0x0000, 0x0000, 0x0000, 0x0000, 0x0000, 0x0000, 0x0000, 0x0000, 0x0000, 0x0000, 0x0000, 0x0000, 0x0000, 0x0000, // 0x0770 (1904) pixels
    0x0000, 0x0000, 0x0000, 0x0000, 0x0000, 0x0000, 0x0000, 0x0000, 0x0000, 0x0000, 0x0000, 0x0000, 0x0000, 0x0000, 0x0000, 0x0000, // 0x0780 (1920) pixels
    0x0000, 0x0000, 0x0000, 0x0000, 0x0000, 0x0000, 0x0000, 0x0000, 0x0000, 0x0000, 0x0000, 0x0000, 0x0000, 0x0000, 0x0000, 0x0000, // 0x0790 (1936) pixels
    0x0000, 0x0000, 0x0000, 0x0000, 0x0000, 0x0000, 0x0000, 0x0000, 0x0000, 0x0000, 0x0000, 0x0000, 0x0000, 0x0000, 0x0000, 0x0000, // 0x07A0 (1952) pixels
    0x0000, 0x0000, 0x0000, 0x0000, 0x0000, 0x0000, 0x0000, 0x0000, 0x0000, 0x0000, 0x0000, 0x0000, 0x0000, 0x0000, 0x0000, 0x0000, // 0x07B0 (1968) pixels
    0x0000, 0x0000, 0x0000, 0x0000, 0x0000, 0x0000, 0x0000, 0x0000, 0x0000, 0x0000, 0x0000, 0x0000, 0x0000, 0x0000, 0x0000, 0x0000, // 0x07C0 (1984) pixels
    0x0000, 0x0000, 0x0000, 0x0000, 0x0000, 0x0000, 0x0000, 0x0000, 0x0000, 0x0000, 0x0000, 0x0000, 0x0000, 0x0000, 0x0000, 0x0000, // 0x07D0 (2000) pixels
    0x0000, 0x0000, 0x0000, 0x0000, 0x0000, 0x0000, 0x0000, 0x0000, 0x0000, 0x0000, 0x0000, 0x0000, 0x0000, 0x0000, 0x0000, 0x0000, // 0x07E0 (2016) pixels
    0x0000, 0x0000, 0x0000, 0x0000, 0x0000, 0x0000, 0x0000, 0x0000, 0x0000, 0x0000, 0x0000, 0x0000, 0x0000, 0x0000, 0x0000, 0x0000, // 0x07F0 (2032) pixels
    0x0000, 0x0000, 0x0000, 0x0000, 0x0000, 0x0000, 0x0000, 0x0000, 0x0000, 0x0000, 0x0000, 0x0000, 0x0000, 0x0000, 0x0000, 0x0000, // 0x0800 (2048) pixels
};

// === Logos from ModuleAir_V2.1 (aircarto-logo-common.h) ===

// Logo AtmoSud - 64x32 pixels, RGB565
static const uint16_t logo_atmo[] = {
    0x0000, 0x0000, 0x0000, 0x0000, 0x0000, 0x0000, 0x0000, 0x0000, 0x0000, 0x0000, 0x0000, 0x0000, 0x0000, 0x0000, 0x0000, 0x0000,   // 0x0010 (16) pixels
    0x0000, 0x0000, 0x0000, 0x0000, 0x0000, 0x0000, 0x0000, 0x0000, 0x0000, 0x0000, 0x0000, 0x0000, 0x0000, 0x0000, 0x0000, 0x0000,   // 0x0020 (32) pixels
    0x0000, 0x0000, 0x0000, 0x0000, 0x0000, 0x0000, 0x0000, 0x0000, 0x2D9D, 0x2D9D, 0x2D9D, 0x2D9D, 0x2D9D, 0x0000, 0x0000, 0x0000,   // 0x0030 (48) pixels
    0x0000, 0x0000, 0x0000, 0x0000, 0x0000, 0x0000, 0x0000, 0x0000, 0x0000, 0x0000, 0x0000, 0x0000, 0x0000, 0x0000, 0x2D9D, 0x0000,   // 0x0040 (64) pixels
    0x0000, 0x0000, 0x0000, 0x0000, 0x0000, 0x2AD4, 0x0000, 0x0000, 0x0000, 0x0000, 0x0000, 0x0000, 0x0000, 0x0000, 0x0000, 0x0000,   // 0x0050 (80) pixels
    0x0000, 0x0000, 0x0000, 0x0000, 0x0000, 0x0000, 0x0000, 0x0000, 0x0000, 0x0000, 0x0000, 0x0000, 0x0000, 0x0000, 0x0000, 0x0000,   // 0x0060 (96) pixels
    0x0000, 0x0000, 0x0000, 0x0000, 0x0000, 0x0000, 0x0000, 0x2D9D, 0x2D9D, 0x0000, 0x0000, 0x0000, 0x2D9D, 0x2D9D, 0x0000, 0x0000,   // 0x0070 (112) pixels
    0x0000, 0x0000, 0x0000, 0x0000, 0x0000, 0x0000, 0x0000, 0x0000, 0x0000, 0x0000, 0x0000, 0x0000, 0x0000, 0x0000, 0x2D9D, 0x0000,   // 0x0080 (128) pixels
    0x0000, 0x0000, 0x0000, 0x0000, 0x2AD4, 0x2AD4, 0x0000, 0x0000, 0x0000, 0x0000, 0x0000, 0x2AD4, 0x0000, 0x0000, 0x0000, 0x0000,   // 0x0090 (144) pixels
    0x0000, 0x0000, 0x0000, 0x0000, 0x0000, 0x0000, 0x0000, 0x0000, 0x0000, 0x0000, 0x0000, 0x0000, 0x0000, 0x0000, 0x0000, 0x0000,   // 0x00A0 (160) pixels
    0x0000, 0x0000, 0x0000, 0x0000, 0x0000, 0x0000, 0x0000, 0x2D9D, 0x0000, 0x0000, 0x0000, 0x0000, 0x0000, 0x2D9D, 0x0000, 0x0000,   // 0x00B0 (176) pixels
    0x0000, 0x0000, 0x0000, 0x0000, 0x0000, 0x0000, 0x0000, 0x0000, 0x0000, 0x0000, 0x0000, 0x0000, 0x0000, 0x0000, 0x2D9D, 0x0000,   // 0x00C0 (192) pixels
    0x0000, 0x0000, 0x0000, 0x0000, 0x2AD4, 0x2AD4, 0x2AD4, 0x0000, 0x0000, 0x0000, 0x0000, 0x2AD4, 0x2AD4, 0x0000, 0x0000, 0x2AD4,   // 0x00D0 (208) pixels
    0x0000, 0x2AD4, 0x2AD4, 0x0000, 0x0000, 0x0000, 0x2AD4, 0x2AD4, 0x0000, 0x0000, 0x0000, 0x0000, 0x0000, 0x0000, 0x0000, 0x2AD4,   // 0x00E0 (224) pixels
    0x0000, 0x0000, 0x0000, 0x0000, 0x0000, 0x0000, 0x0000, 0x2D9D, 0x0000, 0x0000, 0x0000, 0x0000, 0x0000, 0x0000, 0x0000, 0x0000,   // 0x00F0 (240) pixels
    0x2D9D, 0x0000, 0x0000, 0x0000, 0x0000, 0x2D9D, 0x0000, 0x0000, 0x0000, 0x0000, 0x2D9D, 0x0000, 0x0000, 0x0000, 0x2D9D, 0x0000,   // 0x0100 (256) pixels
    0x0000, 0x0000, 0x0000, 0x2AD4, 0x2AD4, 0x2AD4, 0x2AD4, 0x0000, 0x0000, 0x0000, 0x0000, 0x2AD4, 0x2AD4, 0x2AD4, 0x0000, 0x2AD4,   // 0x0110 (272) pixels
    0x2AD4, 0x2AD4, 0x2AD4, 0x2AD4, 0x0000, 0x2AD4, 0x2AD4, 0x2AD4, 0x2AD4, 0x0000, 0x0000, 0x0000, 0x0000, 0x2AD4, 0x2AD4, 0x2AD4,   // 0x0120 (288) pixels
    0x2AD4, 0x2AD4, 0x0000, 0x0000, 0x0000, 0x0000, 0x0000, 0x2D9D, 0x2D9D, 0x0000, 0x0000, 0x0000, 0x0000, 0x0000, 0x0000, 0x0000,   // 0x0130 (304) pixels
    0x2D9D, 0x0000, 0x0000, 0x0000, 0x0000, 0x2D9D, 0x0000, 0x0000, 0x0000, 0x2D9D, 0x2D9D, 0x2D9D, 0x2D9D, 0x0000, 0x2D9D, 0x0000,   // 0x0140 (320) pixels
    0x0000, 0x0000, 0x0000, 0x2AD4, 0x2AD4, 0x0000, 0x2AD4, 0x2AD4, 0x0000, 0x0000, 0x0000, 0x2AD4, 0x0000, 0x0000, 0x0000, 0x2AD4,   // 0x0150 (336) pixels
    0x2AD4, 0x0000, 0x0000, 0x2AD4, 0x2AD4, 0x2AD4, 0x0000, 0x0000, 0x2AD4, 0x2AD4, 0x0000, 0x0000, 0x2AD4, 0x2AD4, 0x0000, 0x0000,   // 0x0160 (352) pixels
    0x0000, 0x2AD4, 0x2AD4, 0x0000, 0x0000, 0x0000, 0x0000, 0x0000, 0x2D9D, 0x2D9D, 0x2D9D, 0x2D9D, 0x2D9D, 0x0000, 0x0000, 0x0000,   // 0x0170 (368) pixels
    0x2D9D, 0x0000, 0x0000, 0x0000, 0x0000, 0x2D9D, 0x0000, 0x0000, 0x2D9D, 0x0000, 0x0000, 0x0000, 0x0000, 0x2D9D, 0x2D9D, 0x0000,   // 0x0180 (384) pixels
    0x0000, 0x0000, 0x0000, 0x2AD4, 0x0000, 0x0000, 0x2AD4, 0x2AD4, 0x0000, 0x0000, 0x0000, 0x2AD4, 0x0000, 0x0000, 0x0000, 0x2AD4,   // 0x0190 (400) pixels
    0x0000, 0x0000, 0x0000, 0x0000, 0x2AD4, 0x0000, 0x0000, 0x0000, 0x0000, 0x2AD4, 0x0000, 0x0000, 0x2AD4, 0x0000, 0x0000, 0x0000,   // 0x01A0 (416) pixels
    0x0000, 0x0000, 0x2AD4, 0x0000, 0x0000, 0x0000, 0x0000, 0x0000, 0x0000, 0x0000, 0x0000, 0x0000, 0x2D9D, 0x2D9D, 0x0000, 0x0000,   // 0x01B0 (432) pixels
    0x2D9D, 0x0000, 0x0000, 0x0000, 0x0000, 0x2D9D, 0x0000, 0x2D9D, 0x2D9D, 0x0000, 0x0000, 0x0000, 0x0000, 0x0000, 0x2D9D, 0x0000,   // 0x01C0 (448) pixels
    0x0000, 0x0000, 0x2AD4, 0x2AD4, 0x0000, 0x0000, 0x2AD4, 0x2AD4, 0x0000, 0x0000, 0x0000, 0x2AD4, 0x0000, 0x0000, 0x0000, 0x2AD4,   // 0x01D0 (464) pixels
    0x0000, 0x0000, 0x0000, 0x0000, 0x2AD4, 0x0000, 0x0000, 0x0000, 0x0000, 0x2AD4, 0x0000, 0x2AD4, 0x2AD4, 0x0000, 0x0000, 0x0000,   // 0x01E0 (480) pixels
    0x0000, 0x0000, 0x2AD4, 0x2AD4, 0x0000, 0x0000, 0x0000, 0x0000, 0x0000, 0x0000, 0x0000, 0x0000, 0x0000, 0x2D9D, 0x0000, 0x0000,   // 0x01F0 (496) pixels
    0x2D9D, 0x0000, 0x0000, 0x0000, 0x0000, 0x2D9D, 0x0000, 0x2D9D, 0x0000, 0x0000, 0x0000, 0x0000, 0x0000, 0x0000, 0x2D9D, 0x0000,   // 0x0200 (512) pixels
    0x0000, 0x0000, 0x2AD4, 0x2AD4, 0x2AD4, 0x2AD4, 0x2AD4, 0x2AD4, 0x0000, 0x0000, 0x0000, 0x2AD4, 0x0000, 0x0000, 0x0000, 0x2AD4,   // 0x0210 (528) pixels
    0x0000, 0x0000, 0x0000, 0x0000, 0x2AD4, 0x0000, 0x0000, 0x0000, 0x0000, 0x2AD4, 0x0000, 0x0000, 0x2AD4, 0x0000, 0x0000, 0x0000,   // 0x0220 (544) pixels
    0x0000, 0x0000, 0x2AD4, 0x0000, 0x0000, 0x0000, 0x0000, 0x2D9D, 0x0000, 0x0000, 0x0000, 0x0000, 0x0000, 0x2D9D, 0x0000, 0x0000,   // 0x0230 (560) pixels
    0x2D9D, 0x0000, 0x0000, 0x0000, 0x0000, 0x2D9D, 0x0000, 0x2D9D, 0x2D9D, 0x0000, 0x0000, 0x0000, 0x0000, 0x0000, 0x2D9D, 0x0000,   // 0x0240 (576) pixels
    0x0000, 0x2AD4, 0x2AD4, 0x0000, 0x0000, 0x0000, 0x0000, 0x2AD4, 0x2AD4, 0x0000, 0x0000, 0x2AD4, 0x2AD4, 0x0000, 0x0000, 0x2AD4,   // 0x0250 (592) pixels
    0x0000, 0x0000, 0x0000, 0x0000, 0x2AD4, 0x0000, 0x0000, 0x0000, 0x0000, 0x2AD4, 0x0000, 0x0000, 0x2AD4, 0x2AD4, 0x0000, 0x0000,   // 0x0260 (608) pixels
    0x0000, 0x2AD4, 0x2AD4, 0x0000, 0x0000, 0x0000, 0x0000, 0x2D9D, 0x2D9D, 0x0000, 0x0000, 0x0000, 0x2D9D, 0x2D9D, 0x0000, 0x0000,   // 0x0270 (624) pixels
    0x2D9D, 0x2D9D, 0x0000, 0x0000, 0x0000, 0x2D9D, 0x0000, 0x0000, 0x2D9D, 0x0000, 0x0000, 0x0000, 0x0000, 0x2D9D, 0x2D9D, 0x0000,   // 0x0280 (640) pixels
    0x0000, 0x2AD4, 0x2AD4, 0x0000, 0x0000, 0x0000, 0x0000, 0x2AD4, 0x2AD4, 0x0000, 0x0000, 0x2AD4, 0x2AD4, 0x2AD4, 0x0000, 0x2AD4,   // 0x0290 (656) pixels
    0x0000, 0x0000, 0x0000, 0x0000, 0x2AD4, 0x0000, 0x0000, 0x0000, 0x0000, 0x2AD4, 0x0000, 0x0000, 0x0000, 0x2AD4, 0x2AD4, 0x2AD4,   // 0x02A0 (672) pixels
    0x2AD4, 0x2AD4, 0x0000, 0x0000, 0x0000, 0x0000, 0x0000, 0x0000, 0x2D9D, 0x2D9D, 0x2D9D, 0x2D9D, 0x2D9D, 0x0000, 0x0000, 0x0000,   // 0x02B0 (688) pixels
    0x0000, 0x2D9D, 0x2D9D, 0x2D9D, 0x2D9D, 0x2D9D, 0x0000, 0x0000, 0x0000, 0x2D9D, 0x2D9D, 0x2D9D, 0x2D9D, 0x0000, 0x2D9D, 0x0000,   // 0x02C0 (704) pixels
    0x0000, 0x0000, 0x0000, 0x0000, 0x0000, 0x0000, 0x0000, 0x0000, 0x0000, 0x0000, 0x0000, 0x0000, 0x0000, 0x0000, 0x0000, 0x0000,   // 0x02D0 (720) pixels
    0x0000, 0x0000, 0x0000, 0x0000, 0x0000, 0x0000, 0x0000, 0x0000, 0x0000, 0x0000, 0x0000, 0x0000, 0x0000, 0x0000, 0x0000, 0x0000,   // 0x02E0 (736) pixels
    0x0000, 0x0000, 0x0000, 0x0000, 0x0000, 0x0000, 0x0000, 0x0000, 0x0000, 0x0000, 0x0000, 0x0000, 0x0000, 0x0000, 0x0000, 0x0000,   // 0x02F0 (752) pixels
    0x0000, 0x0000, 0x0000, 0x0000, 0x0000, 0x0000, 0x0000, 0x0000, 0x0000, 0x0000, 0x0000, 0x0000, 0x0000, 0x0000, 0x0000, 0x0000,   // 0x0300 (768) pixels
    0x0000, 0x0000, 0x0000, 0x0000, 0x0000, 0x0000, 0x0000, 0x0000, 0x0000, 0x0000, 0xFDC1, 0xFDC1, 0xFDC1, 0xFDC1, 0xFDC1, 0xFDC1,   // 0x0310 (784) pixels
    0xFDC1, 0x0000, 0x0000, 0x0000, 0x0000, 0x0000, 0x0000, 0x0000, 0x0000, 0x0000, 0x0000, 0x0000, 0x0000, 0x0000, 0x0000, 0x0000,   // 0x0320 (800) pixels
    0x0000, 0x0000, 0x0000, 0x0000, 0x0000, 0x0000, 0x0000, 0x0000, 0x0000, 0x0000, 0x0000, 0x0000, 0x0000, 0x0000, 0x0000, 0x0000,   // 0x0330 (816) pixels
    0x0000, 0x0000, 0x0000, 0x0000, 0x0000, 0x0000, 0x0000, 0x0000, 0x0000, 0x0000, 0x0000, 0x0000, 0x0000, 0x0000, 0x0000, 0x0000,   // 0x0340 (832) pixels
    0x0000, 0x0000, 0x0000, 0x0000, 0x0000, 0x0000, 0x0000, 0xFDC1, 0xFDC1, 0xFDC1, 0xFDC1, 0xFDC1, 0xFDC1, 0xFDC1, 0xFDC1, 0xFDC1,   // 0x0350 (848) pixels
    0xFDC1, 0xFDC1, 0xFDC1, 0xFDC1, 0xFDC1, 0xFDC1, 0xFDC1, 0xFDC1, 0xFDC1, 0x0000, 0x0000, 0x0000, 0x0000, 0x0000, 0x0000, 0x0000,   // 0x0360 (864) pixels
    0x0000, 0x0000, 0x0000, 0x0000, 0x0000, 0x0000, 0x0000, 0x0000, 0x0000, 0x0000, 0x0000, 0x0000, 0x0000, 0x0000, 0x0000, 0x0000,   // 0x0370 (880) pixels
    0x0000, 0x0000, 0x0000, 0x0000, 0x0000, 0x0000, 0x0000, 0x0000, 0x0000, 0x0000, 0x0000, 0x0000, 0x0000, 0x0000, 0x0000, 0x0000,   // 0x0380 (896) pixels
    0x0000, 0x0000, 0x0000, 0x0000, 0xFDC1, 0xFDC1, 0xFDC1, 0xFDC1, 0xFDC1, 0xFDC1, 0xFDC1, 0xFDC1, 0xFDC1, 0xFDC1, 0xFDC1, 0xFDC1,   // 0x0390 (912) pixels
    0xFDC1, 0xFDC1, 0xFDC1, 0xFDC1, 0xFDC1, 0xFDC1, 0xFDC1, 0xFDC1, 0xFDC1, 0xFDC1, 0xFDC1, 0xFDC1, 0xFDC1, 0xFDC1, 0xFDC1, 0xFDC1,   // 0x03A0 (928) pixels
    0xFDC1, 0xFDC1, 0xFDC1, 0x0000, 0x0000, 0x0000, 0x0000, 0x0000, 0x0000, 0x0000, 0x0000, 0x0000, 0x0000, 0x0000, 0x0000, 0x0000,   // 0x03B0 (944) pixels
    0x0000, 0x0000, 0x0000, 0x0000, 0x0000, 0x0000, 0x0000, 0x0000, 0x0000, 0x0000, 0x0000, 0x0000, 0x0000, 0x0000, 0x0000, 0x0000,   // 0x03C0 (960) pixels
    0x0000, 0xFDC1, 0xFDC1, 0xFDC1, 0xFDC1, 0xFDC1, 0xFDC1, 0xFDC1, 0xFDC1, 0x0000, 0x0000, 0x0000, 0x0000, 0x0000, 0x0000, 0x0000,   // 0x03D0 (976) pixels
    0x0000, 0x0000, 0x0000, 0x0000, 0x0000, 0x0000, 0xFDC1, 0xFDC1, 0xFDC1, 0xFDC1, 0xFDC1, 0xFDC1, 0xFDC1, 0xFDC1, 0xFDC1, 0xFDC1,   // 0x03E0 (992) pixels
    0xFDC1, 0xFDC1, 0xFDC1, 0xFDC1, 0xFDC1, 0xFDC1, 0xFDC1, 0xFDC1, 0xFDC1, 0xFDC1, 0xFDC1, 0xFDC1, 0xFDC1, 0xFDC1, 0xFDC1, 0xFDC1,   // 0x03F0 (1008) pixels
    0x0000, 0x0000, 0x0000, 0x0000, 0x0000, 0x0000, 0x0000, 0x0000, 0x0000, 0x0000, 0xFDC1, 0xFDC1, 0xFDC1, 0xFDC1, 0xFDC1, 0xFDC1,   // 0x0400 (1024) pixels
    0xFDC1, 0xFDC1, 0xFDC1, 0x0000, 0x0000, 0x0000, 0x0000, 0x0000, 0x0000, 0x0000, 0x0000, 0x0000, 0x0000, 0x0000, 0x0000, 0x0000,   // 0x0410 (1040) pixels
    0x0000, 0x0000, 0x0000, 0x0000, 0x0000, 0x0000, 0x0000, 0x0000, 0x0000, 0x0000, 0xFDC1, 0xFDC1, 0xFDC1, 0xFDC1, 0xFDC1, 0xFDC1,   // 0x0420 (1056) pixels
    0xFDC1, 0xFDC1, 0xFDC1, 0xFDC1, 0xFDC1, 0xFDC1, 0xFDC1, 0xFDC1, 0xFDC1, 0xFDC1, 0xFDC1, 0xFDC1, 0xFDC1, 0xFDC1, 0xFDC1, 0xFDC1,   // 0x0430 (1072) pixels
    0xFDC1, 0xFDC1, 0xFDC1, 0xFDC1, 0xFDC1, 0xFDC1, 0xFDC1, 0xFDC1, 0xFDC1, 0xFDC1, 0xFDC1, 0xFDC1, 0x0000, 0x0000, 0x0000, 0x0000,   // 0x0440 (1088) pixels
    0x0000, 0x0000, 0x0000, 0x0000, 0x0000, 0x0000, 0x0000, 0x0000, 0x0000, 0x0000, 0x0000, 0x0000, 0x0000, 0x0000, 0x0000, 0x0000,   // 0x0450 (1104) pixels
    0x0000, 0x0000, 0x0000, 0x0000, 0x0000, 0x0000, 0x0000, 0x0000, 0x0000, 0x0000, 0x0000, 0x0000, 0x0000, 0x0000, 0x0000, 0x0000,   // 0x0460 (1120) pixels
    0x0000, 0xFDC1, 0xFDC1, 0xFDC1, 0xFDC1, 0xFDC1, 0xFDC1, 0xFDC1, 0xFDC1, 0xFDC1, 0xFDC1, 0xFDC1, 0xFDC1, 0xFDC1, 0xFDC1, 0xFDC1,   // 0x0470 (1136) pixels
    0xFDC1, 0xFDC1, 0xFDC1, 0xFDC1, 0xFDC1, 0xFDC1, 0xFDC1, 0x0000, 0x0000, 0x0000, 0x0000, 0x0000, 0x0000, 0x0000, 0x0000, 0x0000,   // 0x0480 (1152) pixels
    0x0000, 0x0000, 0x0000, 0x0000, 0x0000, 0x0000, 0x0000, 0x0000, 0x0000, 0x0000, 0x0000, 0x0000, 0x0000, 0x0000, 0x0000, 0x0000,   // 0x0490 (1168) pixels
    0x0000, 0x0000, 0x0000, 0x0000, 0x0000, 0x0000, 0x0000, 0x0000, 0x0000, 0x0000, 0x0000, 0x0000, 0x0000, 0x0000, 0x0000, 0x0000,   // 0x04A0 (1184) pixels
    0x0000, 0x0000, 0x0000, 0x0000, 0x0000, 0x0000, 0x0000, 0x0000, 0x0000, 0x0000, 0x0000, 0x0000, 0x0000, 0x0000, 0xFDC1, 0xFDC1,   // 0x04B0 (1200) pixels
    0xFDC1, 0xFDC1, 0xFDC1, 0xFDC1, 0x0000, 0x0000, 0x0000, 0x0000, 0x0000, 0x0000, 0x0000, 0x0000, 0x0000, 0x0000, 0x0000, 0x0000,   // 0x04C0 (1216) pixels
    0x0000, 0x0000, 0x0000, 0x0000, 0x0000, 0x0000, 0x0000, 0x0000, 0x0000, 0x0000, 0x0000, 0x0000, 0x0000, 0x0000, 0x0000, 0x0000,   // 0x04D0 (1232) pixels
    0x0000, 0x0000, 0x0000, 0x0000, 0x0000, 0x0000, 0x0000, 0x0000, 0x0000, 0x0000, 0x0000, 0x0000, 0x0000, 0x0000, 0x0000, 0x0000,   // 0x04E0 (1248) pixels
    0x0000, 0x0000, 0x0000, 0x0000, 0x0000, 0x0000, 0x0000, 0x0000, 0x0000, 0x0000, 0x0000, 0x0000, 0x0000, 0x0000, 0x0000, 0x0000,   // 0x04F0 (1264) pixels
    0x0000, 0x0000, 0x0000, 0x0000, 0x0000, 0x0000, 0x0000, 0x0000, 0x0000, 0x0000, 0x0000, 0x0000, 0x0000, 0x0000, 0x0000, 0x0000,   // 0x0500 (1280) pixels
    0x0000, 0x0000, 0x0000, 0x0000, 0x0000, 0x0000, 0x0000, 0x0000, 0x0000, 0x0000, 0x2AD4, 0x0000, 0x0000, 0x0000, 0x0000, 0x0000,   // 0x0510 (1296) pixels
    0x0000, 0x0000, 0x0000, 0x0000, 0x0000, 0x0000, 0x0000, 0x2AD4, 0x0000, 0x0000, 0x0000, 0x0000, 0x0000, 0x0000, 0x0000, 0x0000,   // 0x0520 (1312) pixels
    0x0000, 0x0000, 0x0000, 0x0000, 0x0000, 0x0000, 0x0000, 0x0000, 0x0000, 0x0000, 0x0000, 0x0000, 0x0000, 0x0000, 0x0000, 0x0000,   // 0x0530 (1328) pixels
    0x0000, 0x0000, 0x2AD4, 0x0000, 0x0000, 0x0000, 0x0000, 0x0000, 0x0000, 0x0000, 0x0000, 0x0000, 0x0000, 0x0000, 0x0000, 0x0000,   // 0x0540 (1344) pixels
    0x0000, 0x0000, 0x0000, 0x0000, 0x0000, 0x0000, 0x0000, 0x0000, 0x0000, 0x0000, 0x2AD4, 0x0000, 0x2AD4, 0x2AD4, 0x0000, 0x0000,   // 0x0550 (1360) pixels
    0x0000, 0x2AD4, 0x0000, 0x2AD4, 0x2AD4, 0x0000, 0x0000, 0x0000, 0x0000, 0x0000, 0x2AD4, 0x0000, 0x0000, 0x2AD4, 0x2AD4, 0x0000,   // 0x0560 (1376) pixels
    0x0000, 0x2AD4, 0x0000, 0x0000, 0x2AD4, 0x0000, 0x2AD4, 0x0000, 0x2AD4, 0x2AD4, 0x0000, 0x0000, 0x0000, 0x0000, 0x2AD4, 0x2AD4,   // 0x0570 (1392) pixels
    0x2AD4, 0x0000, 0x0000, 0x0000, 0x0000, 0x2AD4, 0x0000, 0x0000, 0x0000, 0x0000, 0x0000, 0x0000, 0x0000, 0x0000, 0x0000, 0x0000,   // 0x0580 (1408) pixels
    0x0000, 0x0000, 0x0000, 0x0000, 0x0000, 0x0000, 0x0000, 0x0000, 0x0000, 0x0000, 0x2AD4, 0x0000, 0x2AD4, 0x0000, 0x2AD4, 0x0000,   // 0x0590 (1424) pixels
    0x2AD4, 0x0000, 0x0000, 0x2AD4, 0x0000, 0x2AD4, 0x0000, 0x2AD4, 0x0000, 0x2AD4, 0x0000, 0x0000, 0x2AD4, 0x0000, 0x2AD4, 0x0000,   // 0x05A0 (1440) pixels
    0x2AD4, 0x0000, 0x0000, 0x0000, 0x2AD4, 0x0000, 0x2AD4, 0x0000, 0x2AD4, 0x0000, 0x2AD4, 0x0000, 0x0000, 0x0000, 0x0000, 0x2AD4,   // 0x05B0 (1456) pixels
    0x2AD4, 0x0000, 0x2AD4, 0x0000, 0x2AD4, 0x0000, 0x0000, 0x0000, 0x0000, 0x0000, 0x0000, 0x0000, 0x0000, 0x0000, 0x0000, 0x0000,   // 0x05C0 (1472) pixels
    0x0000, 0x0000, 0x0000, 0x0000, 0x0000, 0x0000, 0x0000, 0x0000, 0x0000, 0x0000, 0x2AD4, 0x0000, 0x2AD4, 0x0000, 0x2AD4, 0x0000,   // 0x05D0 (1488) pixels
    0x0000, 0x2AD4, 0x0000, 0x2AD4, 0x0000, 0x2AD4, 0x0000, 0x2AD4, 0x0000, 0x2AD4, 0x0000, 0x0000, 0x2AD4, 0x2AD4, 0x0000, 0x0000,   // 0x05E0 (1504) pixels
    0x2AD4, 0x0000, 0x0000, 0x0000, 0x2AD4, 0x0000, 0x2AD4, 0x0000, 0x2AD4, 0x0000, 0x2AD4, 0x0000, 0x0000, 0x0000, 0x2AD4, 0x0000,   // 0x05F0 (1520) pixels
    0x2AD4, 0x0000, 0x2AD4, 0x0000, 0x2AD4, 0x0000, 0x0000, 0x0000, 0x0000, 0x0000, 0x0000, 0x0000, 0x0000, 0x0000, 0x0000, 0x0000,   // 0x0600 (1536) pixels
    0x0000, 0x0000, 0x0000, 0x0000, 0x0000, 0x0000, 0x0000, 0x0000, 0x0000, 0x0000, 0x2AD4, 0x0000, 0x2AD4, 0x0000, 0x2AD4, 0x0000,   // 0x0610 (1552) pixels
    0x2AD4, 0x0000, 0x0000, 0x2AD4, 0x2AD4, 0x0000, 0x0000, 0x2AD4, 0x0000, 0x2AD4, 0x0000, 0x0000, 0x2AD4, 0x2AD4, 0x2AD4, 0x0000,   // 0x0620 (1568) pixels
    0x2AD4, 0x0000, 0x0000, 0x0000, 0x2AD4, 0x2AD4, 0x2AD4, 0x0000, 0x2AD4, 0x0000, 0x2AD4, 0x0000, 0x0000, 0x0000, 0x2AD4, 0x2AD4,   // 0x0630 (1584) pixels
    0x0000, 0x0000, 0x2AD4, 0x0000, 0x2AD4, 0x0000, 0x0000, 0x0000, 0x0000, 0x0000, 0x0000, 0x0000, 0x0000, 0x0000, 0x0000, 0x0000,   // 0x0640 (1600) pixels
    0x0000, 0x0000, 0x0000, 0x0000, 0x0000, 0x0000, 0x0000, 0x0000, 0x0000, 0x0000, 0x0000, 0x0000, 0x0000, 0x0000, 0x0000, 0x0000,   // 0x0650 (1616) pixels
    0x0000, 0x0000, 0x0000, 0x2AD4, 0x0000, 0x0000, 0x0000, 0x0000, 0x0000, 0x0000, 0x0000, 0x0000, 0x0000, 0x0000, 0x0000, 0x0000,   // 0x0660 (1632) pixels
    0x0000, 0x0000, 0x0000, 0x0000, 0x0000, 0x0000, 0x0000, 0x0000, 0x0000, 0x0000, 0x0000, 0x0000, 0x0000, 0x0000, 0x0000, 0x0000,   // 0x0670 (1648) pixels
    0x0000, 0x0000, 0x0000, 0x0000, 0x0000, 0x0000, 0x0000, 0x0000, 0x0000, 0x0000, 0x0000, 0x0000, 0x0000, 0x0000, 0x0000, 0x0000,   // 0x0680 (1664) pixels
    0x0000, 0x0000, 0x0000, 0x0000, 0x0000, 0x0000, 0x0000, 0x0000, 0x0000, 0x0000, 0x0000, 0x0000, 0x0000, 0x0000, 0x0000, 0x0000,   // 0x0690 (1680) pixels
    0x0000, 0x0000, 0x0000, 0x0000, 0x0000, 0x0000, 0x0000, 0x0000, 0x0000, 0x0000, 0x0000, 0x0000, 0x0000, 0x0000, 0x0000, 0x0000,   // 0x06A0 (1696) pixels
    0x0000, 0x0000, 0x0000, 0x0000, 0x0000, 0x0000, 0x0000, 0x0000, 0x0000, 0x0000, 0x0000, 0x0000, 0x0000, 0x0000, 0x0000, 0x0000,   // 0x06B0 (1712) pixels
    0x0000, 0x0000, 0x0000, 0x0000, 0x0000, 0x0000, 0x0000, 0x0000, 0x0000, 0x0000, 0x0000, 0x0000, 0x0000, 0x0000, 0x0000, 0x0000,   // 0x06C0 (1728) pixels
    0x0000, 0x0000, 0x0000, 0x0000, 0x0000, 0x0000, 0x0000, 0x0000, 0x0000, 0x0000, 0x0000, 0x0000, 0x0000, 0x0000, 0x0000, 0x0000,   // 0x06D0 (1744) pixels
    0x0000, 0x0000, 0x0000, 0x0000, 0x0000, 0x0000, 0x0000, 0x0000, 0x0000, 0x0000, 0x0000, 0x0000, 0x0000, 0x2AD4, 0x0000, 0x2AD4,   // 0x06E0 (1760) pixels
    0x0000, 0x2AD4, 0x0000, 0x0000, 0x0000, 0x0000, 0x0000, 0x0000, 0x0000, 0x0000, 0x0000, 0x0000, 0x0000, 0x0000, 0x0000, 0x0000,   // 0x06F0 (1776) pixels
    0x0000, 0x0000, 0x0000, 0x0000, 0x0000, 0x0000, 0x0000, 0x0000, 0x0000, 0x0000, 0x0000, 0x0000, 0x0000, 0x0000, 0x0000, 0x0000,   // 0x0700 (1792) pixels
    0x0000, 0x0000, 0x0000, 0x0000, 0x0000, 0x0000, 0x0000, 0x0000, 0x0000, 0x0000, 0x0000, 0x0000, 0x0000, 0x0000, 0x0000, 0x0000,   // 0x0710 (1808) pixels
    0x0000, 0x0000, 0x0000, 0x2AD4, 0x2AD4, 0x0000, 0x2AD4, 0x0000, 0x0000, 0x0000, 0x2AD4, 0x2AD4, 0x0000, 0x0000, 0x0000, 0x2AD4,   // 0x0720 (1824) pixels
    0x0000, 0x2AD4, 0x0000, 0x0000, 0x2AD4, 0x2AD4, 0x0000, 0x2AD4, 0x0000, 0x2AD4, 0x0000, 0x0000, 0x2AD4, 0x0000, 0x0000, 0x0000,   // 0x0730 (1840) pixels
    0x0000, 0x0000, 0x0000, 0x0000, 0x0000, 0x0000, 0x0000, 0x0000, 0x0000, 0x0000, 0x0000, 0x0000, 0x0000, 0x0000, 0x0000, 0x0000,   // 0x0740 (1856) pixels
    0x0000, 0x0000, 0x0000, 0x0000, 0x0000, 0x0000, 0x0000, 0x0000, 0x0000, 0x0000, 0x0000, 0x0000, 0x0000, 0x0000, 0x0000, 0x0000,   // 0x0750 (1872) pixels
    0x0000, 0x0000, 0x0000, 0x2AD4, 0x0000, 0x2AD4, 0x0000, 0x2AD4, 0x0000, 0x2AD4, 0x0000, 0x2AD4, 0x0000, 0x2AD4, 0x0000, 0x2AD4,   // 0x0760 (1888) pixels
    0x0000, 0x2AD4, 0x0000, 0x2AD4, 0x0000, 0x2AD4, 0x0000, 0x2AD4, 0x0000, 0x2AD4, 0x0000, 0x2AD4, 0x0000, 0x0000, 0x0000, 0x0000,   // 0x0770 (1904) pixels
    0x0000, 0x0000, 0x0000, 0x0000, 0x0000, 0x0000, 0x0000, 0x0000, 0x0000, 0x0000, 0x0000, 0x0000, 0x0000, 0x0000, 0x0000, 0x0000,   // 0x0780 (1920) pixels
    0x0000, 0x0000, 0x0000, 0x0000, 0x0000, 0x0000, 0x0000, 0x0000, 0x0000, 0x0000, 0x0000, 0x0000, 0x0000, 0x0000, 0x0000, 0x0000,   // 0x0790 (1936) pixels
    0x0000, 0x0000, 0x0000, 0x2AD4, 0x0000, 0x2AD4, 0x0000, 0x2AD4, 0x0000, 0x2AD4, 0x2AD4, 0x0000, 0x0000, 0x2AD4, 0x0000, 0x2AD4,   // 0x07A0 (1952) pixels
    0x0000, 0x2AD4, 0x0000, 0x2AD4, 0x2AD4, 0x0000, 0x0000, 0x2AD4, 0x0000, 0x2AD4, 0x0000, 0x2AD4, 0x0000, 0x0000, 0x0000, 0x0000,   // 0x07B0 (1968) pixels
    0x0000, 0x0000, 0x0000, 0x0000, 0x0000, 0x0000, 0x0000, 0x0000, 0x0000, 0x0000, 0x0000, 0x0000, 0x0000, 0x0000, 0x0000, 0x0000,   // 0x07C0 (1984) pixels
    0x0000, 0x0000, 0x0000, 0x0000, 0x0000, 0x0000, 0x0000, 0x0000, 0x0000, 0x0000, 0x0000, 0x0000, 0x0000, 0x0000, 0x0000, 0x0000,   // 0x07D0 (2000) pixels
    0x0000, 0x0000, 0x0000, 0x2AD4, 0x0000, 0x2AD4, 0x0000, 0x2AD4, 0x0000, 0x2AD4, 0x2AD4, 0x2AD4, 0x0000, 0x2AD4, 0x0000, 0x2AD4,   // 0x07E0 (2016) pixels
    0x0000, 0x2AD4, 0x0000, 0x2AD4, 0x2AD4, 0x2AD4, 0x0000, 0x2AD4, 0x2AD4, 0x2AD4, 0x0000, 0x2AD4, 0x0000, 0x0000, 0x0000, 0x0000,   // 0x07F0 (2032) pixels
    0x0000, 0x0000, 0x0000, 0x0000, 0x0000, 0x0000, 0x0000, 0x0000, 0x0000, 0x0000, 0x0000, 0x0000, 0x0000, 0x0000, 0x0000, 0x0000,   // 0x0800 (2048) pixels
};

// Logo L'Air et Moi - 64x32 pixels, RGB565 (build lairetmoi uniquement)
// Repris de ModuleAir_V2.1/logos-custom.h (logo_custom1).
#ifdef BUILD_LAIRETMOI
static const uint16_t logo_lairetmoi[] = {
    0x0000, 0x0000, 0x0000, 0x0000, 0x0000, 0x0000, 0x0000, 0x0000, 0x0000, 0x0000, 0x0000, 0x0000, 0x0000, 0x0000, 0x0000, 0x0000,   // 0x0010 (16) pixels
    0x0000, 0x0000, 0x0000, 0x0000, 0x0000, 0x0000, 0x0000, 0x0000, 0x0000, 0x0000, 0x0000, 0x0000, 0x0000, 0x0000, 0x0000, 0x0000,   // 0x0020 (32) pixels
    0x0000, 0x0000, 0x0000, 0x0000, 0x0000, 0x0000, 0x0000, 0x0000, 0x0000, 0x0000, 0x0000, 0x0000, 0x0000, 0x0000, 0x0000, 0x0000,   // 0x0030 (48) pixels
    0x0000, 0x0000, 0x0000, 0x0000, 0x0000, 0x0000, 0x0000, 0x0000, 0x0000, 0x0000, 0x0000, 0x0000, 0x0000, 0x0000, 0x0000, 0x0000,   // 0x0040 (64) pixels
    0x0000, 0x0000, 0x0000, 0x0000, 0x0000, 0x0000, 0x0000, 0x0000, 0x0000, 0x0000, 0x0000, 0x0000, 0x0000, 0x0000, 0x0000, 0x0000,   // 0x0050 (80) pixels
    0x0000, 0x0000, 0x0000, 0x0000, 0x0000, 0x0000, 0x0000, 0x0000, 0x0000, 0x0000, 0x0000, 0x0000, 0x0000, 0x0000, 0x0000, 0x0000,   // 0x0060 (96) pixels
    0x0000, 0x0000, 0x0000, 0x0000, 0x0000, 0x0000, 0x0000, 0x0000, 0x0000, 0x0000, 0x0000, 0x0000, 0x0000, 0x0000, 0x0000, 0x0000,   // 0x0070 (112) pixels
    0x0000, 0x0000, 0x0000, 0x0000, 0x0000, 0x0000, 0x0000, 0x0000, 0x0000, 0x0000, 0x0000, 0x0000, 0x0000, 0x0000, 0x0000, 0x0000,   // 0x0080 (128) pixels
    0x0000, 0x0000, 0x0000, 0x0000, 0x0000, 0x0000, 0x0000, 0x0000, 0x0000, 0x0000, 0x0000, 0x0000, 0x0000, 0x0000, 0x0000, 0x0000,   // 0x0090 (144) pixels
    0x0000, 0x0000, 0x0000, 0x0000, 0x0000, 0x0000, 0x0000, 0x0000, 0x0000, 0x0000, 0x0000, 0x0000, 0x0000, 0x0000, 0x0000, 0x0000,   // 0x00A0 (160) pixels
    0x0000, 0x0000, 0x0000, 0x0000, 0x0000, 0x0000, 0x0000, 0x0000, 0x0000, 0x0000, 0x0000, 0x0000, 0x0000, 0x0000, 0x0000, 0x0000,   // 0x00B0 (176) pixels
    0x0000, 0x0000, 0x0000, 0x0000, 0x0000, 0x0000, 0x0000, 0x0000, 0x0000, 0x0000, 0x0000, 0x0000, 0x0000, 0x0000, 0x0000, 0x0000,   // 0x00C0 (192) pixels
    0x0000, 0x0000, 0x0000, 0x0000, 0x0000, 0x0000, 0x0000, 0x0000, 0x0000, 0x0000, 0x0000, 0x0000, 0x0000, 0x0000, 0x0000, 0x0000,   // 0x00D0 (208) pixels
    0x0000, 0x0000, 0x0000, 0x0000, 0x0000, 0x0000, 0x0000, 0x0000, 0x0000, 0x0000, 0x0000, 0x0000, 0x0000, 0x0000, 0x0000, 0x0000,   // 0x00E0 (224) pixels
    0x0000, 0x0000, 0x0000, 0x0000, 0x0000, 0x0000, 0x0000, 0x0000, 0x0000, 0x0000, 0x0000, 0x0000, 0x0000, 0x0000, 0x0000, 0x0000,   // 0x00F0 (240) pixels
    0x0000, 0x0000, 0x0000, 0x0000, 0x0000, 0x0000, 0x0000, 0x0000, 0x0000, 0x0000, 0x0000, 0x0000, 0x0000, 0x0000, 0x0000, 0x0000,   // 0x0100 (256) pixels
    0x0000, 0x0000, 0x0000, 0x0000, 0x0000, 0x0000, 0x0000, 0x0000, 0x0000, 0x0000, 0x0000, 0x0000, 0x0000, 0x0000, 0x0000, 0x0000,   // 0x0110 (272) pixels
    0x0000, 0x0000, 0x0000, 0x0000, 0x0000, 0x0000, 0x0000, 0x0000, 0x0000, 0x0000, 0x0000, 0x0000, 0x0000, 0x0000, 0x0000, 0x0000,   // 0x0120 (288) pixels
    0x0000, 0x0000, 0x0000, 0x0000, 0x0000, 0x0000, 0x0000, 0x0000, 0x0000, 0x0000, 0x0000, 0x0000, 0x0000, 0x0000, 0x0000, 0x0000,   // 0x0130 (304) pixels
    0x0000, 0x0000, 0x0000, 0x0000, 0x0000, 0x0000, 0x0000, 0x0000, 0x0000, 0x0000, 0x0000, 0x0000, 0x0000, 0x0000, 0x0000, 0x0000,   // 0x0140 (320) pixels
    0x0000, 0x0000, 0x0000, 0x0000, 0x0000, 0x0000, 0x0000, 0x0000, 0x0000, 0x0000, 0x0000, 0x0000, 0x0000, 0x0000, 0x0000, 0x0000,   // 0x0150 (336) pixels
    0x0000, 0x0000, 0x0000, 0x0000, 0x0000, 0x0000, 0x0000, 0x0000, 0x0000, 0x0000, 0x0000, 0x0000, 0x0000, 0x0000, 0x0000, 0x0000,   // 0x0160 (352) pixels
    0x0000, 0x0000, 0x0000, 0x0000, 0x0000, 0x0000, 0x0000, 0x0000, 0x0000, 0x0000, 0x0000, 0x0000, 0x0000, 0x0000, 0x0000, 0x0000,   // 0x0170 (368) pixels
    0x0000, 0x0000, 0x0000, 0x0000, 0x0000, 0x0000, 0x0000, 0x0000, 0x0000, 0x0000, 0x0000, 0x0000, 0x0000, 0x0000, 0x0000, 0x0000,   // 0x0180 (384) pixels
    0x0000, 0x0000, 0x0000, 0x0000, 0x0000, 0x0000, 0x0000, 0x0000, 0x0000, 0x0000, 0x0000, 0x0000, 0x0000, 0x0000, 0x0000, 0x0000,   // 0x0190 (400) pixels
    0x0000, 0x0000, 0x0000, 0x0000, 0x0000, 0x0000, 0x0000, 0x0000, 0x0000, 0x0000, 0x0000, 0x0000, 0x0000, 0x0000, 0x0000, 0x0000,   // 0x01A0 (416) pixels
    0x0000, 0x0000, 0x0000, 0x0000, 0x0000, 0x0000, 0x0000, 0x0000, 0x0000, 0x0000, 0x0000, 0x0000, 0x0000, 0x0000, 0x0000, 0x0000,   // 0x01B0 (432) pixels
    0x0000, 0x0000, 0x0000, 0x0000, 0x0000, 0x0000, 0x0000, 0x0000, 0x0000, 0x0000, 0x0000, 0x0000, 0x0000, 0x0000, 0x0000, 0x0000,   // 0x01C0 (448) pixels
    0x0000, 0x0000, 0x0000, 0x0000, 0x0000, 0x0000, 0x0000, 0x0000, 0x0000, 0x0000, 0x0000, 0x0000, 0x0000, 0x0000, 0x0000, 0x77FE,   // 0x01D0 (464) pixels
    0x77FE, 0x0000, 0x0000, 0x0000, 0x0000, 0x0000, 0x0000, 0x0000, 0x0000, 0x0000, 0x0000, 0x0000, 0x0000, 0x0000, 0x0000, 0x0000,   // 0x01E0 (480) pixels
    0x0000, 0x0000, 0x0000, 0x0000, 0x0000, 0x0000, 0x0000, 0x0000, 0x0000, 0x0000, 0x0000, 0x0000, 0x0000, 0x0000, 0x0000, 0x0000,   // 0x01F0 (496) pixels
    0x0000, 0x0000, 0x0000, 0x0000, 0x0000, 0x0000, 0x0000, 0x0000, 0x0000, 0x0000, 0x0000, 0x0000, 0x0000, 0x0000, 0x0000, 0x0000,   // 0x0200 (512) pixels
    0x0000, 0x0000, 0x0000, 0x0000, 0x0000, 0x0000, 0x0000, 0x0000, 0x0000, 0x0000, 0x0000, 0x0000, 0x0000, 0x0000, 0x77FE, 0x77FE,   // 0x0210 (528) pixels
    0x77FE, 0x77FE, 0x0000, 0x0000, 0x0000, 0x0000, 0x0000, 0x0000, 0x0000, 0x0000, 0x0000, 0x0000, 0x0000, 0x0000, 0x0000, 0x0000,   // 0x0220 (544) pixels
    0x0000, 0x0000, 0x0000, 0x0000, 0x0000, 0x0000, 0x0000, 0x0000, 0x0000, 0x0000, 0x0000, 0x0000, 0x0000, 0x0000, 0x0000, 0x0000,   // 0x0230 (560) pixels
    0x0000, 0x0000, 0x0000, 0x0000, 0x0000, 0x0000, 0x0000, 0x0000, 0x0000, 0x0000, 0x0000, 0x0000, 0x0000, 0x0000, 0x0000, 0x0000,   // 0x0240 (576) pixels
    0x0000, 0x0000, 0x0000, 0x0000, 0x0000, 0x0000, 0x0000, 0x87E0, 0x87E0, 0x0000, 0x0000, 0x0000, 0x0000, 0x0000, 0x77FE, 0x77FE,   // 0x0250 (592) pixels
    0x77FE, 0x77FE, 0x0000, 0x0000, 0x0000, 0x0000, 0x0000, 0x0000, 0x0000, 0x0000, 0x77FE, 0x77FE, 0x0000, 0x77FE, 0x77FE, 0x0000,   // 0x0260 (608) pixels
    0x0000, 0x0000, 0x0000, 0x0000, 0x0000, 0x0000, 0x0000, 0x0000, 0x0000, 0x0000, 0x0000, 0x0000, 0x0000, 0x0000, 0x0000, 0x0000,   // 0x0270 (624) pixels
    0x0000, 0x0000, 0x0000, 0x0000, 0x0000, 0x0000, 0x0000, 0x0000, 0x0000, 0x0000, 0x0000, 0x0000, 0x0000, 0x0000, 0x0000, 0x0000,   // 0x0280 (640) pixels
    0x0000, 0x87E0, 0x87E0, 0x0000, 0x0000, 0x0000, 0x0000, 0x87E0, 0x87E0, 0x0000, 0x0000, 0x0000, 0x0000, 0x77FE, 0x77FE, 0x77FE,   // 0x0290 (656) pixels
    0x7FFE, 0x77FE, 0x77FE, 0x0000, 0x0000, 0x0000, 0x77FE, 0x77FE, 0x0000, 0x0000, 0x77FE, 0x77FE, 0x77FE, 0x77FE, 0x77FE, 0x0000,   // 0x02A0 (672) pixels
    0x0000, 0x0000, 0x0000, 0x0000, 0x0000, 0x0000, 0x0000, 0x0000, 0x0000, 0x0000, 0x0000, 0x0000, 0x0000, 0x0000, 0x0000, 0x0000,   // 0x02B0 (688) pixels
    0x0000, 0x0000, 0x0000, 0x0000, 0x0000, 0x0000, 0x0000, 0x0000, 0x0000, 0x0000, 0x0000, 0x0000, 0x0000, 0x0000, 0x0000, 0x0000,   // 0x02C0 (704) pixels
    0x0000, 0x87E0, 0x87E0, 0x0000, 0x0000, 0x0000, 0x0000, 0x0000, 0x87E0, 0x0000, 0x0000, 0x0000, 0x0000, 0x77FE, 0x77FE, 0x0000,   // 0x02D0 (720) pixels
    0x0000, 0x77FE, 0x77FE, 0x0000, 0x0000, 0x0000, 0x77FE, 0x77FE, 0x0000, 0x0000, 0x77FE, 0x77FE, 0x77FE, 0x77FE, 0x0000, 0x0000,   // 0x02E0 (736) pixels
    0x0000, 0x0000, 0x0000, 0x0000, 0x0000, 0x0000, 0x0000, 0x0000, 0x0000, 0x0000, 0x0000, 0x0000, 0x0000, 0x0000, 0x0000, 0x0000,   // 0x02F0 (752) pixels
    0x0000, 0x0000, 0x0000, 0x0000, 0x0000, 0x0000, 0x0000, 0x0000, 0x0000, 0x0000, 0x0000, 0x0000, 0x0000, 0x0000, 0x0000, 0x0000,   // 0x0300 (768) pixels
    0x0000, 0x87E0, 0x87E0, 0x0000, 0x0000, 0x0000, 0x0000, 0x87E0, 0x87E0, 0x0000, 0x0000, 0x0000, 0x77FE, 0x77FE, 0x77FE, 0x77FE,   // 0x0310 (784) pixels
    0x77FE, 0x77FE, 0x77FE, 0x77FE, 0x0000, 0x0000, 0x0000, 0x0000, 0x0000, 0x0000, 0x77FE, 0x77FE, 0x77FE, 0x0000, 0x0000, 0x0000,   // 0x0320 (800) pixels
    0x0000, 0x0000, 0x0000, 0x0000, 0x0000, 0x0000, 0x0000, 0x0000, 0x0000, 0xFCC0, 0x0000, 0x0000, 0x0000, 0x0000, 0x0000, 0xFCC0,   // 0x0330 (816) pixels
    0x0000, 0x0000, 0x0000, 0x0000, 0x0000, 0x0000, 0x0000, 0x0000, 0x0000, 0x0000, 0x0000, 0x0000, 0x0000, 0xFCC0, 0xFCC0, 0x0000,   // 0x0340 (832) pixels
    0x0000, 0x87E0, 0x87E0, 0x0000, 0x0000, 0x0000, 0x0000, 0x0000, 0x0000, 0x0000, 0x0000, 0x0000, 0x77FE, 0x77FE, 0x77FE, 0x77FE,   // 0x0350 (848) pixels
    0x77FE, 0x77FE, 0x77FE, 0x77FE, 0x0000, 0x0000, 0x77FE, 0x77FE, 0x0000, 0x0000, 0x77FE, 0x77FE, 0x77FE, 0x0000, 0x0000, 0x0000,   // 0x0360 (864) pixels
    0x0000, 0x0000, 0x0000, 0x0000, 0x0000, 0x0000, 0x0000, 0x0000, 0xFCC0, 0xFCC0, 0xFCC0, 0x0000, 0x0000, 0x0000, 0xFCC0, 0xFCC0,   // 0x0370 (880) pixels
    0xFCC0, 0x0000, 0x0000, 0x0000, 0x0000, 0x0000, 0x0000, 0x0000, 0x0000, 0x0000, 0x0000, 0x0000, 0x0000, 0xFCC0, 0xFCC0, 0x0000,   // 0x0380 (896) pixels
    0x0000, 0x87E0, 0x87E0, 0x0000, 0x0000, 0x0000, 0x0000, 0x0000, 0x0000, 0x0000, 0x0000, 0x0000, 0x77FE, 0x77FE, 0x0000, 0x0000,   // 0x0390 (912) pixels
    0x0000, 0x0000, 0x77FE, 0x77FE, 0x0000, 0x0000, 0x77FE, 0x77FE, 0x0000, 0x0000, 0x77FE, 0x77FE, 0x77FE, 0x0000, 0x0000, 0x0000,   // 0x03A0 (928) pixels
    0x0000, 0x0000, 0x0000, 0x0000, 0x0000, 0x0000, 0x0000, 0x0000, 0xFCC0, 0xFCC0, 0xFCC0, 0x0000, 0x0000, 0x0000, 0xFCC0, 0xFCC0,   // 0x03B0 (944) pixels
    0xFCC0, 0x0000, 0x0000, 0x0000, 0x0000, 0x0000, 0xFCC0, 0xFCC0, 0xFCC0, 0x0000, 0x0000, 0x0000, 0x0000, 0x0000, 0x0000, 0x0000,   // 0x03C0 (960) pixels
    0x0000, 0x87E0, 0x87E0, 0x0000, 0x0000, 0x0000, 0x0000, 0x0000, 0x0000, 0x0000, 0x0000, 0x77FE, 0x77FE, 0x77FE, 0x0000, 0x0000,   // 0x03D0 (976) pixels
    0x0000, 0x0000, 0x77FE, 0x77FE, 0x77FE, 0x0000, 0x77FE, 0x77FE, 0x0000, 0x0000, 0x77FE, 0x77FE, 0x77FE, 0x0000, 0x0000, 0x0000,   // 0x03E0 (992) pixels
    0x0000, 0x0000, 0x0000, 0x0000, 0x0000, 0x0000, 0x0000, 0x0000, 0xFCC0, 0xFCC0, 0xFCC0, 0xFCC0, 0x0000, 0xFCC0, 0xFCC0, 0xFCC0,   // 0x03F0 (1008) pixels
    0xFCC0, 0x0000, 0x0000, 0x0000, 0x0000, 0xFCC0, 0xFCC0, 0xFCC0, 0xFCC0, 0xFCC0, 0x0000, 0x0000, 0x0000, 0xFCC0, 0xFCC0, 0x0000,   // 0x0400 (1024) pixels
    0x0000, 0x87E0, 0x87E0, 0x0000, 0x0000, 0x0000, 0x0000, 0x0000, 0x0000, 0x0000, 0x0000, 0x0000, 0x0000, 0x0000, 0x0000, 0x0000,   // 0x0410 (1040) pixels
    0x0000, 0x0000, 0x0000, 0x0000, 0x0000, 0x0000, 0x77FE, 0x77FE, 0x0000, 0x0000, 0x0000, 0x0000, 0x0000, 0x0000, 0x0000, 0x0000,   // 0x0420 (1056) pixels
    0x0000, 0x0000, 0x0000, 0x0000, 0x0000, 0x0000, 0x0000, 0xFCC0, 0xFCC0, 0x0000, 0xFCC0, 0xFCC0, 0x0000, 0xFCC0, 0xFCC0, 0x0000,   // 0x0430 (1072) pixels
    0xFCC0, 0xFCC0, 0x0000, 0x0000, 0xFCC0, 0xFCC0, 0xFCC0, 0x0000, 0xFCC0, 0xFCC0, 0xFCC0, 0x0000, 0x0000, 0xFCC0, 0xFCC0, 0x0000,   // 0x0440 (1088) pixels
    0x0000, 0x87E0, 0x87E0, 0x87E0, 0x87E0, 0x87E0, 0x87E0, 0x0000, 0x0000, 0x0000, 0x0000, 0x0000, 0x0000, 0x0000, 0x0000, 0x0000,   // 0x0450 (1104) pixels
    0x0000, 0x0000, 0x0000, 0x0000, 0x0000, 0x0000, 0x77FE, 0x77FE, 0x0000, 0x0000, 0x0000, 0x0000, 0x0000, 0x0000, 0x0000, 0x0000,   // 0x0460 (1120) pixels
    0x0000, 0x0000, 0x0000, 0x0000, 0x0000, 0x0000, 0x0000, 0xFCC0, 0xFCC0, 0x0000, 0xFCC0, 0xFCC0, 0x0000, 0xFCC0, 0xFCC0, 0x0000,   // 0x0470 (1136) pixels
    0xFCC0, 0xFCC0, 0x0000, 0x0000, 0xFCC0, 0xFCC0, 0x0000, 0x0000, 0x0000, 0xFCC0, 0xFCC0, 0x0000, 0x0000, 0xFCC0, 0xFCC0, 0x0000,   // 0x0480 (1152) pixels
    0x0000, 0x87E0, 0x87E0, 0x87E0, 0x87E0, 0x87E0, 0x87E0, 0x0000, 0x0000, 0x0000, 0x0000, 0x0000, 0x0000, 0x0000, 0x0000, 0x0000,   // 0x0490 (1168) pixels
    0x0000, 0x0000, 0x0000, 0x0000, 0x0000, 0x0000, 0x77FE, 0x77FE, 0x0000, 0x0000, 0x0000, 0x0000, 0x0000, 0x0000, 0x0000, 0x0000,   // 0x04A0 (1184) pixels
    0x0000, 0x0000, 0x0000, 0x0000, 0x0000, 0x0000, 0x0000, 0xFCC0, 0xFCC0, 0x0000, 0xFCC0, 0xFCC0, 0xFCC0, 0xFCC0, 0xFCC0, 0x0000,   // 0x04B0 (1200) pixels
    0xFCC0, 0xFCC0, 0x0000, 0x0000, 0xFCC0, 0xFCC0, 0x0000, 0x0000, 0x0000, 0xFCC0, 0xFCC0, 0x0000, 0x0000, 0xFCC0, 0xFCC0, 0x0000,   // 0x04C0 (1216) pixels
    0x0000, 0x0000, 0x0000, 0x0000, 0x0000, 0x0000, 0x0000, 0x0000, 0x0000, 0x0000, 0x0000, 0x0000, 0x0000, 0x0000, 0x0000, 0x0000,   // 0x04D0 (1232) pixels
    0x0000, 0x0000, 0x0000, 0x0000, 0x0000, 0x0000, 0x77FE, 0x77FE, 0x0000, 0x0000, 0x0000, 0x0000, 0x0000, 0x0000, 0x0000, 0x0000,   // 0x04E0 (1248) pixels
    0x0000, 0x0000, 0x0000, 0x0000, 0x0000, 0x0000, 0x0000, 0xFCC0, 0xFCC0, 0x0000, 0x0000, 0xFCC0, 0xFCC0, 0xFCC0, 0x0000, 0x0000,   // 0x04F0 (1264) pixels
    0xFCC0, 0xFCC0, 0x0000, 0x0000, 0xFCC0, 0xFCC0, 0xFCC0, 0x0000, 0xFCC0, 0xFCC0, 0xFCC0, 0x0000, 0x0000, 0xFCC0, 0xFCC0, 0x0000,   // 0x0500 (1280) pixels
    0x0000, 0x0000, 0x0000, 0x0000, 0x0000, 0x0000, 0x0000, 0x0000, 0x0000, 0x0000, 0x0000, 0x0000, 0x0000, 0x0000, 0x0000, 0x0000,   // 0x0510 (1296) pixels
    0x0000, 0x0000, 0x0000, 0x0000, 0x0000, 0x0000, 0x0000, 0x0000, 0x0000, 0x0000, 0x0000, 0x0000, 0x0000, 0x0000, 0x0000, 0x0000,   // 0x0520 (1312) pixels
    0xE800, 0xE800, 0x0000, 0x0000, 0x0000, 0x0000, 0xFCC0, 0xFCC0, 0xFCC0, 0x0000, 0x0000, 0xFCC0, 0xFCC0, 0xFCC0, 0x0000, 0x0000,   // 0x0530 (1328) pixels
    0xFCC0, 0xFCC0, 0xFCC0, 0x0000, 0x0000, 0xFCC0, 0xFCC0, 0xFCC0, 0xFCC0, 0xFCC0, 0x0000, 0x0000, 0x0000, 0xFCC0, 0xFCC0, 0x0000,   // 0x0540 (1344) pixels
    0x0000, 0x0000, 0x0000, 0x0000, 0x0000, 0x0000, 0x0000, 0x0000, 0x0000, 0x0000, 0x0000, 0x0000, 0x0000, 0x0000, 0x0000, 0x0000,   // 0x0550 (1360) pixels
    0x0000, 0x0000, 0x0000, 0x0000, 0x0000, 0x0000, 0x0000, 0x0000, 0x0000, 0xE800, 0xE800, 0xE800, 0xE800, 0x0000, 0x0000, 0xE800,   // 0x0560 (1376) pixels
    0xE800, 0xE800, 0xE800, 0x0000, 0x0000, 0x0000, 0xFCC0, 0xFCC0, 0xFCC0, 0x0000, 0x0000, 0x0000, 0xFCC0, 0x0000, 0x0000, 0x0000,   // 0x0570 (1392) pixels
    0xFCC0, 0xFCC0, 0xFCC0, 0x0000, 0x0000, 0x0000, 0xFCC0, 0xFCC0, 0xFCC0, 0x0000, 0x0000, 0x0000, 0x0000, 0xFCC0, 0xFCC0, 0x0000,   // 0x0580 (1408) pixels
    0x0000, 0x0000, 0x0000, 0x0000, 0x0000, 0x0000, 0x0000, 0x0000, 0x0000, 0x0000, 0x0000, 0x0000, 0x0000, 0x0000, 0x0000, 0x0000,   // 0x0590 (1424) pixels
    0x0000, 0x0000, 0x0000, 0x0000, 0x0000, 0x0000, 0x0000, 0x0000, 0xE800, 0xE800, 0xE800, 0x0000, 0xE800, 0xE800, 0x0000, 0xE800,   // 0x05A0 (1440) pixels
    0xE800, 0xE800, 0xE800, 0x0000, 0x0000, 0x0000, 0x0000, 0x0000, 0x0000, 0x0000, 0x0000, 0x0000, 0x0000, 0x0000, 0x0000, 0x0000,   // 0x05B0 (1456) pixels
    0x0000, 0x0000, 0x0000, 0x0000, 0x0000, 0x0000, 0x0000, 0x0000, 0x0000, 0x0000, 0x0000, 0x0000, 0x0000, 0x0000, 0x0000, 0x0000,   // 0x05C0 (1472) pixels
    0x0000, 0x0000, 0x0000, 0x0000, 0x0000, 0x0000, 0x0000, 0x0000, 0x0000, 0x0000, 0x0000, 0x0000, 0x0000, 0x0000, 0x0000, 0x0000,   // 0x05D0 (1488) pixels
    0x0000, 0x0000, 0x0000, 0x0000, 0x0000, 0x0000, 0x0000, 0x0000, 0xE800, 0xE800, 0x0000, 0x0000, 0xE800, 0xE800, 0x0000, 0x0000,   // 0x05E0 (1504) pixels
    0xE800, 0xE800, 0x0000, 0x0000, 0x0000, 0x0000, 0x0000, 0x0000, 0x0000, 0x0000, 0x0000, 0x0000, 0x0000, 0x0000, 0x0000, 0x0000,   // 0x05F0 (1520) pixels
    0x0000, 0x0000, 0x0000, 0x0000, 0x0000, 0x0000, 0x0000, 0x0000, 0x0000, 0x0000, 0x0000, 0x0000, 0x0000, 0x0000, 0x0000, 0x0000,   // 0x0600 (1536) pixels
    0x0000, 0x0000, 0x0000, 0x0000, 0x0000, 0x0000, 0x0000, 0x0000, 0x0000, 0x0000, 0x0000, 0x0000, 0x0000, 0x0000, 0x0000, 0x0000,   // 0x0610 (1552) pixels
    0x0000, 0x0000, 0x0000, 0x0000, 0x0000, 0x0000, 0x0000, 0x0000, 0xE800, 0xE800, 0xE800, 0xE800, 0xE800, 0x0000, 0x0000, 0x0000,   // 0x0620 (1568) pixels
    0xE800, 0xE800, 0x0000, 0x0000, 0x0000, 0x0000, 0x0000, 0x0000, 0x0000, 0x0000, 0x0000, 0x0000, 0x0000, 0x0000, 0x0000, 0x0000,   // 0x0630 (1584) pixels
    0x0000, 0x0000, 0x0000, 0x0000, 0x0000, 0x0000, 0x0000, 0x0000, 0x0000, 0x0000, 0x0000, 0x0000, 0x0000, 0x0000, 0x0000, 0x0000,   // 0x0640 (1600) pixels
    0x0000, 0x0000, 0x0000, 0x0000, 0x0000, 0x0000, 0x0000, 0x0000, 0x0000, 0x0000, 0x0000, 0x0000, 0x0000, 0x0000, 0x0000, 0x0000,   // 0x0650 (1616) pixels
    0x0000, 0x0000, 0x0000, 0x0000, 0x0000, 0x0000, 0x0000, 0x0000, 0xE800, 0xE800, 0xE800, 0x0000, 0x0000, 0x0000, 0x0000, 0x0000,   // 0x0660 (1632) pixels
    0xE800, 0xE800, 0x0000, 0x0000, 0x0000, 0x0000, 0x0000, 0x0000, 0x0000, 0x0000, 0x0000, 0x0000, 0x0000, 0x0000, 0x0000, 0x0000,   // 0x0670 (1648) pixels
    0x0000, 0x0000, 0x0000, 0x0000, 0x0000, 0x0000, 0x0000, 0x0000, 0x0000, 0x0000, 0x0000, 0x0000, 0x0000, 0x0000, 0x0000, 0x0000,   // 0x0680 (1664) pixels
    0x0000, 0x0000, 0x0000, 0x0000, 0x0000, 0x0000, 0x0000, 0x0000, 0x0000, 0x0000, 0x0000, 0x0000, 0x0000, 0x0000, 0x0000, 0x0000,   // 0x0690 (1680) pixels
    0x0000, 0x0000, 0x0000, 0x0000, 0x0000, 0x0000, 0x0000, 0x0000, 0x0000, 0xE800, 0xE800, 0xE800, 0xE800, 0xE800, 0x0000, 0x0000,   // 0x06A0 (1696) pixels
    0x0000, 0xE800, 0xE800, 0x0000, 0x0000, 0x0000, 0x0000, 0x0000, 0x0000, 0x0000, 0x0000, 0x0000, 0x0000, 0x0000, 0x0000, 0x0000,   // 0x06B0 (1712) pixels
    0x0000, 0x0000, 0x0000, 0x0000, 0x0000, 0x0000, 0x0000, 0x0000, 0x0000, 0x0000, 0x0000, 0x0000, 0x0000, 0x0000, 0x0000, 0x0000,   // 0x06C0 (1728) pixels
    0x0000, 0x0000, 0x0000, 0x0000, 0x0000, 0x0000, 0x0000, 0x0000, 0x0000, 0x0000, 0x0000, 0x0000, 0x0000, 0x0000, 0x0000, 0x0000,   // 0x06D0 (1744) pixels
    0x0000, 0x0000, 0x0000, 0x0000, 0x0000, 0x0000, 0x0000, 0x0000, 0x0000, 0x0000, 0x0000, 0x0000, 0x0000, 0x0000, 0x0000, 0x0000,   // 0x06E0 (1760) pixels
    0x0000, 0x0000, 0x0000, 0x0000, 0x0000, 0x0000, 0x0000, 0x0000, 0x0000, 0x0000, 0x0000, 0x0000, 0x0000, 0x0000, 0x0000, 0x0000,   // 0x06F0 (1776) pixels
    0x0000, 0x0000, 0x0000, 0x0000, 0x0000, 0x0000, 0x0000, 0x0000, 0x0000, 0x0000, 0x0000, 0x0000, 0x0000, 0x0000, 0x0000, 0x0000,   // 0x0700 (1792) pixels
    0x0000, 0x0000, 0x0000, 0x0000, 0x0000, 0x0000, 0x0000, 0x0000, 0x0000, 0x0000, 0x0000, 0x0000, 0x0000, 0x0000, 0x0000, 0x0000,   // 0x0710 (1808) pixels
    0x0000, 0x0000, 0x0000, 0x0000, 0x0000, 0x0000, 0x0000, 0x0000, 0x0000, 0x0000, 0x0000, 0x0000, 0x0000, 0x0000, 0x0000, 0x0000,   // 0x0720 (1824) pixels
    0x0000, 0x0000, 0x0000, 0x0000, 0x0000, 0x0000, 0x0000, 0x0000, 0x0000, 0x0000, 0x0000, 0x0000, 0x0000, 0x0000, 0x0000, 0x0000,   // 0x0730 (1840) pixels
    0x0000, 0x0000, 0x0000, 0x0000, 0x0000, 0x0000, 0x0000, 0x0000, 0x0000, 0x0000, 0x0000, 0x0000, 0x0000, 0x0000, 0x0000, 0x0000,   // 0x0740 (1856) pixels
    0x0000, 0x0000, 0x0000, 0x0000, 0x0000, 0x0000, 0x0000, 0x0000, 0x0000, 0x0000, 0x0000, 0x0000, 0x0000, 0x0000, 0x0000, 0x0000,   // 0x0750 (1872) pixels
    0x0000, 0x0000, 0x0000, 0x0000, 0x0000, 0x0000, 0x0000, 0x0000, 0x0000, 0x0000, 0x0000, 0x0000, 0x0000, 0x0000, 0x0000, 0x0000,   // 0x0760 (1888) pixels
    0x0000, 0x0000, 0x0000, 0x0000, 0x0000, 0x0000, 0x0000, 0x0000, 0x0000, 0x0000, 0x0000, 0x0000, 0x0000, 0x0000, 0x0000, 0x0000,   // 0x0770 (1904) pixels
    0x0000, 0x0000, 0x0000, 0x0000, 0x0000, 0x0000, 0x0000, 0x0000, 0x0000, 0x0000, 0x0000, 0x0000, 0x0000, 0x0000, 0x0000, 0x0000,   // 0x0780 (1920) pixels
    0x0000, 0x0000, 0x0000, 0x0000, 0x0000, 0x0000, 0x0000, 0x0000, 0x0000, 0x0000, 0x0000, 0x0000, 0x0000, 0x0000, 0x0000, 0x0000,   // 0x0790 (1936) pixels
    0x0000, 0x0000, 0x0000, 0x0000, 0x0000, 0x0000, 0x0000, 0x0000, 0x0000, 0x0000, 0x0000, 0x0000, 0x0000, 0x0000, 0x0000, 0x0000,   // 0x07A0 (1952) pixels
    0x0000, 0x0000, 0x0000, 0x0000, 0x0000, 0x0000, 0x0000, 0x0000, 0x0000, 0x0000, 0x0000, 0x0000, 0x0000, 0x0000, 0x0000, 0x0000,   // 0x07B0 (1968) pixels
    0x0000, 0x0000, 0x0000, 0x0000, 0x0000, 0x0000, 0x0000, 0x0000, 0x0000, 0x0000, 0x0000, 0x0000, 0x0000, 0x0000, 0x0000, 0x0000,   // 0x07C0 (1984) pixels
    0x0000, 0x0000, 0x0000, 0x0000, 0x0000, 0x0000, 0x0000, 0x0000, 0x0000, 0x0000, 0x0000, 0x0000, 0x0000, 0x0000, 0x0000, 0x0000,   // 0x07D0 (2000) pixels
    0x0000, 0x0000, 0x0000, 0x0000, 0x0000, 0x0000, 0x0000, 0x0000, 0x0000, 0x0000, 0x0000, 0x0000, 0x0000, 0x0000, 0x0000, 0x0000,   // 0x07E0 (2016) pixels
    0x0000, 0x0000, 0x0000, 0x0000, 0x0000, 0x0000, 0x0000, 0x0000, 0x0000, 0x0000, 0x0000, 0x0000, 0x0000, 0x0000, 0x0000, 0x0000,   // 0x07F0 (2032) pixels
    0x0000, 0x0000, 0x0000, 0x0000, 0x0000, 0x0000, 0x0000, 0x0000, 0x0000, 0x0000, 0x0000, 0x0000, 0x0000, 0x0000, 0x0000, 0x0000,   // 0x0800 (2048) pixels   
};
#endif  // BUILD_LAIRETMOI

static const uint16_t logo_region[] = {
    0xFFFF, 0xFFFF, 0xFFFF, 0xFFFF, 0xFFFF, 0xFFFF, 0xFFFF, 0xFFFF, 0xFFFF, 0xFFFF, 0xFFFF, 0xFFFF, 0xFFFF, 0xFFFF, 0xFFFF, 0xFFFF, // 0x0010 (16) pixels
    0xFFFF, 0xFFFF, 0xFFFF, 0xFFFF, 0xFFFF, 0xFFFF, 0xFFFF, 0xFFFF, 0xFFFF, 0xFFFF, 0xFFFF, 0xFFFF, 0xFFFF, 0xFFFF, 0xFFFF, 0xFFFF, // 0x0020 (32) pixels
    0xFFFF, 0xFFFF, 0xFFFF, 0xFFFF, 0xFFFF, 0xEF5D, 0xDEFB, 0xDEFB, 0xE71C, 0xDEFB, 0xE71C, 0xDEFB, 0xE71C, 0xDEFB, 0xE71C, 0xDEFB, // 0x0030 (48) pixels
    0xE71C, 0xDEFB, 0xE71C, 0xDEFB, 0xE71C, 0xDEFB, 0xDEFC, 0xDEFB, 0xE71C, 0xDEFB, 0xE71C, 0xDEFB, 0xE6FB, 0xEF9D, 0xFFFF, 0xFFFF, // 0x0040 (64) pixels
    0xFFFF, 0xFFFF, 0xFFFF, 0xFFFF, 0xFFFF, 0xFFFF, 0xFFFF, 0xFFFF, 0xFFFF, 0xFFFF, 0xFFFF, 0xFFFF, 0xFFFF, 0xFFFF, 0xFFFF, 0xFFFF, // 0x0050 (80) pixels
    0xFFFF, 0xFFFF, 0xFFFF, 0xFFFF, 0xFFFF, 0xFFFF, 0xFFFF, 0xFFFF, 0xFFFF, 0xFFFF, 0xFFFF, 0xFFFF, 0xFFFF, 0xFFFF, 0xFFFF, 0xFFFF, // 0x0060 (96) pixels
    0xFFFF, 0xFFFF, 0xFFFF, 0xFFFF, 0xFFFF, 0xBC6D, 0xCA00, 0xB862, 0xD2C2, 0xC182, 0xB8C1, 0xD322, 0xB081, 0xCA02, 0xCA61, 0xB862, // 0x0070 (112) pixels
    0xCAA2, 0xDB02, 0xD2E1, 0xD302, 0xD2E2, 0xE322, 0xDB21, 0xD322, 0xD302, 0xD302, 0xD2E1, 0xD302, 0xCA80, 0xCD73, 0xFFFF, 0xFFDF, // 0x0080 (128) pixels
    0xFFFF, 0xFFFF, 0xFFFF, 0xFFFF, 0xFFFF, 0xFFFF, 0xFFFF, 0xFFFF, 0xFFFF, 0xFFFF, 0xFFFF, 0xFFFF, 0xFFFF, 0xFFFF, 0xFFFF, 0xFFFF, // 0x0090 (144) pixels
    0xFFFF, 0xFFFF, 0xFFFF, 0xFFFF, 0xFFFF, 0xFFFF, 0xFFFF, 0xFFFF, 0xFFFF, 0xFFFF, 0xFFFF, 0xFFFF, 0xFFFF, 0xFFFF, 0xFFFF, 0xFFFF, // 0x00A0 (160) pixels
    0xFFFF, 0xFFFF, 0xFFFF, 0xFFFF, 0xFFFF, 0xBC4B, 0xF220, 0xC800, 0xF2E0, 0xD940, 0xD880, 0xF340, 0xD020, 0xE1E0, 0xF280, 0xC800, // 0x00B0 (176) pixels
    0xF2C0, 0xF320, 0xFB21, 0xFB20, 0xF320, 0xA241, 0xA9C2, 0xD1E0, 0xE2E0, 0xEB00, 0xFB21, 0xF320, 0xEAA0, 0xCD72, 0xFFFF, 0xFFDE, // 0x00C0 (192) pixels
    0xFFFF, 0xFFFF, 0xFFFF, 0xFFFF, 0xFFFF, 0xFFFF, 0xFFFF, 0xFFFF, 0xFFFF, 0xFFFF, 0xFFFF, 0xFFFF, 0xFFFF, 0xFFFF, 0xFFFF, 0xFFFF, // 0x00D0 (208) pixels
    0xFFFF, 0xFFFF, 0xFFFF, 0xFFFF, 0xFFFF, 0xFFFF, 0xFFFF, 0xFFFF, 0xFFFF, 0xFFFF, 0xFFFF, 0xFFFF, 0xFFFF, 0xFFFF, 0xFFFF, 0xFFFF, // 0x00E0 (224) pixels
    0xFFFF, 0xFFFF, 0xFFFF, 0xFFFF, 0xF7FF, 0xBC4C, 0xE220, 0xC801, 0xEAE0, 0xD961, 0xC880, 0xF341, 0xC820, 0xE1E1, 0xE260, 0xC801, // 0x00F0 (240) pixels
    0xE2C0, 0xEB21, 0xEB00, 0xEB21, 0x8202, 0x0025, 0x0025, 0x7002, 0xB940, 0xEB21, 0xEB00, 0xF321, 0xE2A0, 0xCD72, 0xFFFF, 0xFFDF, // 0x0100 (256) pixels
    0xFFFF, 0xFFFF, 0xFFFF, 0xFFFF, 0xFFFF, 0xFFFF, 0xFFFF, 0xFFFF, 0xFFFF, 0xFFFF, 0xFFFF, 0xFFDF, 0xFFFF, 0xFFFF, 0xFFFF, 0xFFFF, // 0x0110 (272) pixels
    0xFFFF, 0xFFFF, 0xFFFF, 0xFFFF, 0xFFFF, 0xFFFF, 0xFFFF, 0xFFFF, 0xFFFF, 0xFFFF, 0xFFFF, 0xFFFF, 0xFFFF, 0xFFFF, 0xFFFF, 0xFFFF, // 0x0120 (288) pixels
    0xFFFF, 0xFFFF, 0xFFFF, 0xFFDE, 0xFFFF, 0xBC4B, 0xEA20, 0xC801, 0xF301, 0xD940, 0xD0A1, 0xEB40, 0xD041, 0xE1E0, 0xEA81, 0xC800, // 0x0130 (304) pixels
    0xEAC1, 0xF320, 0xF321, 0xEB00, 0xA282, 0x4963, 0x0866, 0x0865, 0x2065, 0xA1E1, 0xF321, 0xF321, 0xEAC0, 0xCD72, 0xFFFF, 0xFFDE, // 0x0140 (320) pixels
    0xFFFF, 0xFFFF, 0xF7DE, 0xFFDF, 0xF7DE, 0xFFFF, 0xFFFF, 0xFFFF, 0xFFFF, 0xFFFF, 0xF7FF, 0xFFFF, 0xF7FF, 0xFFFF, 0xFFDF, 0xFFDF, // 0x0150 (336) pixels
    0xF7DE, 0xFFFF, 0xFFFF, 0xFFFF, 0xF7DE, 0xFFFF, 0xFFFF, 0xFFFF, 0xF7DE, 0xFFDF, 0xF7DE, 0xFFFF, 0xFFFF, 0xFFFF, 0xF7DE, 0xFFFF, // 0x0160 (352) pixels
    0xFFFF, 0xFFFF, 0xF7DE, 0xFFFF, 0xF7FF, 0xC44C, 0xE220, 0xC801, 0xEAE0, 0xD961, 0xC880, 0xF341, 0xC820, 0xE1E1, 0xE260, 0xC800, // 0x0170 (368) pixels
    0xEAC0, 0xF321, 0xEB00, 0xF321, 0xF320, 0xF321, 0x9921, 0x2085, 0x0046, 0x4125, 0xF320, 0xF321, 0xE2A0, 0xD573, 0xFFFF, 0xFFDF, // 0x0180 (384) pixels
    0xFFFF, 0xFFFF, 0xFFFF, 0xFFFF, 0xFFFF, 0xFFFF, 0xFFFF, 0xFFFF, 0xFFFF, 0xFFBC, 0xFEB5, 0xFD2C, 0xFF5A, 0xFFFF, 0xFFFF, 0xFFFF, // 0x0190 (400) pixels
    0xFFFF, 0xFFFF, 0xFFFF, 0xFFFF, 0xFFFF, 0xFFFF, 0xFFFF, 0xFFFF, 0xFFFF, 0xFFFF, 0xFFFF, 0xFFDF, 0xFFFF, 0xFFFF, 0xFFFF, 0xFFFF, // 0x01A0 (416) pixels
    0xFFFF, 0xFFFF, 0xFFFF, 0xFFFF, 0xFFFF, 0xBC4B, 0xEA20, 0xC801, 0xEAE1, 0xD940, 0xD0A1, 0xF340, 0xC841, 0xD9E0, 0xEA81, 0xC800, // 0x01B0 (432) pixels
    0xEAC1, 0xEB20, 0xF321, 0xEB00, 0xF321, 0xEB00, 0xF300, 0x8A02, 0x0047, 0x2085, 0xEAE1, 0xF341, 0xEAA0, 0xCD72, 0xFFFF, 0xFFDE, // 0x01C0 (448) pixels
    0xF7DE, 0xFFFF, 0xDF1B, 0xBDF7, 0xBDF7, 0xDEFB, 0xFFDE, 0xFFFF, 0xD698, 0xBC8D, 0xBC0A, 0xBC0A, 0xEF1A, 0xFFFF, 0xF79E, 0xC618, // 0x01D0 (464) pixels
    0xAD54, 0xC638, 0xF7DE, 0xDEFB, 0xBDF7, 0xF79E, 0xFFFF, 0xEF7D, 0xB5B6, 0xB596, 0xE71C, 0xFFFF, 0xF7BE, 0xC618, 0xC658, 0xFFFF, // 0x01E0 (480) pixels
    0xFFFF, 0xCE79, 0xC658, 0xFFFF, 0xF7FF, 0xC44B, 0xE220, 0xC801, 0xEAE0, 0xD960, 0xC880, 0xF341, 0xC820, 0xE1E0, 0xE260, 0xC801, // 0x01F0 (496) pixels
    0xEAA0, 0xF321, 0xEB00, 0xF321, 0xEB20, 0xEB01, 0xFB40, 0xB201, 0x0026, 0x4044, 0xD200, 0xF361, 0xE280, 0xCD72, 0xFFFF, 0xFFDF, // 0x0200 (512) pixels
    0xFFDF, 0xFFFF, 0x8C31, 0x0000, 0x0841, 0x0000, 0x632C, 0xFFFF, 0x7BAF, 0x0000, 0x0842, 0x0001, 0xDEDB, 0xD6DA, 0x2124, 0x0000, // 0x0210 (528) pixels
    0x0821, 0x0000, 0xD6BA, 0x8410, 0x0000, 0xDEFB, 0xC618, 0x1082, 0x0000, 0x0000, 0x0841, 0xA514, 0xF77D, 0x0841, 0x0000, 0xAD95, // 0x0220 (544) pixels
    0xFFFF, 0x31A6, 0x2104, 0xFFFF, 0xFFFF, 0xC44B, 0xEA20, 0xC801, 0xF301, 0xD940, 0xD0A1, 0xF340, 0xC841, 0xE1E0, 0xEA81, 0xC800, // 0x0230 (560) pixels
    0xEAC1, 0xF320, 0xF321, 0xDAC0, 0xDAA1, 0xF361, 0xEB01, 0x6883, 0x0047, 0xAA21, 0xFB41, 0xEB21, 0xEAC0, 0xCD72, 0xFFFF, 0xFFDE, // 0x0240 (576) pixels
    0xF7DE, 0xFFFF, 0x8450, 0x0000, 0xC618, 0x632C, 0x0000, 0xDEFB, 0x8410, 0x0000, 0xAD75, 0xD6BA, 0xF7BE, 0x39C7, 0x0000, 0xB596, // 0x0250 (592) pixels
    0xDF1B, 0xC638, 0xFFFF, 0x7BCF, 0x0000, 0xCE79, 0x2104, 0x18A3, 0xCE59, 0xD69A, 0x2104, 0x1062, 0xC658, 0x18C3, 0x0000, 0x2104, // 0x0260 (608) pixels
    0xF79E, 0x41E8, 0x18E3, 0xFFFF, 0xF7FF, 0xC44C, 0xE220, 0xC801, 0xEAE0, 0xD961, 0xC880, 0xF341, 0xC820, 0xE1E1, 0xE260, 0xC800, // 0x0270 (624) pixels
    0xEAC0, 0xF321, 0xEB00, 0xF341, 0xC140, 0xD1A1, 0xA9C1, 0x5023, 0x7802, 0xEAA0, 0xEB20, 0xF321, 0xE2A0, 0xCD73, 0xFFFF, 0xFFDF, // 0x0280 (640) pixels
    0xFFDF, 0xFFFF, 0x8C51, 0x0000, 0xA514, 0x52AA, 0x0000, 0xEF5D, 0x83F0, 0x0000, 0x18C3, 0x39A7, 0xD6BA, 0x0000, 0x52AA, 0xFFFF, // 0x0290 (656) pixels
    0xF7BE, 0xDEFB, 0xFFFF, 0x73AE, 0x0000, 0xA534, 0x0000, 0x73AE, 0xFFFF, 0xFFFF, 0x9492, 0x0000, 0xA514, 0x18A3, 0x2945, 0x0000, // 0x02A0 (672) pixels
    0x6B4D, 0x4208, 0x2104, 0xFFFF, 0xFFFF, 0xBC4B, 0xEA20, 0xC801, 0xEAE1, 0xD940, 0xD0A1, 0xF340, 0xC841, 0xD9E0, 0xEA81, 0xC800, // 0x02B0 (688) pixels
    0xEAC1, 0xEB20, 0xF321, 0xF320, 0xEAE1, 0xB0E0, 0xB801, 0xD1E0, 0xD1A1, 0xDA80, 0xF341, 0xF321, 0xEAA0, 0xCD72, 0xFFFF, 0xFFDE, // 0x02C0 (704) pixels
    0xF7BE, 0xFFFF, 0x8450, 0x0000, 0x10A2, 0x0000, 0x630C, 0xFFFF, 0x738E, 0x0000, 0x738E, 0x9CF3, 0xDF1B, 0x0841, 0x31C6, 0xFFFF, // 0x02D0 (720) pixels
    0xCE99, 0x0000, 0x8C71, 0x8C51, 0x0000, 0xB596, 0x0000, 0x5ACB, 0xFFFF, 0xFFFF, 0x73AE, 0x0000, 0xAD95, 0x0841, 0x73AE, 0x738E, // 0x02E0 (736) pixels
    0x0000, 0x0861, 0x2945, 0xFFFF, 0xF7FF, 0xC44B, 0xE220, 0xC801, 0xEAE0, 0xD960, 0xC880, 0xF341, 0xC820, 0xE1E0, 0xE260, 0xC801, // 0x02F0 (752) pixels
    0xEAC0, 0xF341, 0xEB21, 0xF321, 0xEB20, 0xDAC1, 0xB901, 0xEB01, 0xEB40, 0xE2E1, 0xEB21, 0xF341, 0xE2A0, 0xCD72, 0xFFFF, 0xFFDF, // 0x0300 (768) pixels
    0xFFDF, 0xFFFF, 0x8C51, 0x0000, 0xC618, 0x3186, 0x0000, 0xBDF7, 0x83F0, 0x0000, 0x7BAF, 0x7BEF, 0xD69A, 0x630C, 0x0000, 0x5AEB, // 0x0310 (784) pixels
    0x83EF, 0x0000, 0x8C71, 0x8430, 0x0000, 0xDEDB, 0x528A, 0x0000, 0x738E, 0x8410, 0x0000, 0x41E8, 0xEF5D, 0x0000, 0x738E, 0xFFFF, // 0x0320 (800) pixels
    0x2104, 0x0000, 0x3166, 0xFFDE, 0xFFFF, 0xBC4B, 0xEA20, 0xC801, 0xF2E1, 0xD940, 0xD0A1, 0xF340, 0xD041, 0xE1E0, 0xEA81, 0xC800, // 0x0330 (816) pixels
    0xEAE1, 0xF300, 0xF2C0, 0xEAC0, 0xF2E0, 0xF2E0, 0xE2A0, 0xCA20, 0xF2E0, 0xF2E0, 0xF2E0, 0xF2E0, 0xEA60, 0xCD52, 0xFFFF, 0xFFDE, // 0x0340 (832) pixels
    0xF7DE, 0xFFFF, 0x94D2, 0x1082, 0xD6DA, 0xCE59, 0x0861, 0x630C, 0x94B2, 0x18A3, 0x18C3, 0x0000, 0xAD75, 0xFFFF, 0x632C, 0x1082, // 0x0350 (848) pixels
    0x0841, 0x2104, 0xAD95, 0x94B2, 0x1082, 0xDEFB, 0xEF7D, 0x5AAB, 0x0821, 0x0841, 0x528A, 0xE73C, 0xEF7D, 0x2104, 0x7BEF, 0xFFFF, // 0x0360 (864) pixels
    0xAD75, 0x18C3, 0x4A69, 0xFFFF, 0xF7FF, 0xC44C, 0xE220, 0xC801, 0xEAE0, 0xD961, 0xC880, 0xF341, 0xC820, 0xE1E1, 0xE260, 0xC801, // 0x0370 (880) pixels
    0xEAA0, 0xF3C4, 0xF469, 0xF469, 0xEC68, 0xF469, 0xF448, 0xF468, 0xEC68, 0xF469, 0xEC68, 0xF489, 0xE406, 0xCDB4, 0xFFFF, 0xFFDF, // 0x0380 (896) pixels
    0xFFFF, 0xFFFF, 0xFFFF, 0xFFDF, 0xFFFF, 0xFFFF, 0xFFDF, 0xF7BE, 0xFFFF, 0xF7DE, 0xFFFF, 0xFFFF, 0xFFFF, 0xFFDF, 0xFFFF, 0xF7DE, // 0x0390 (912) pixels
    0xEF9D, 0xF7DE, 0xFFFF, 0xFFFF, 0xFFFF, 0xFFFF, 0xFFFF, 0xFFFF, 0xF7BE, 0xF79E, 0xFFFF, 0xFFFF, 0xFFFF, 0xFFFF, 0xFFFF, 0xFFFF, // 0x03A0 (928) pixels
    0xFFFF, 0xF7DE, 0xFFDF, 0xFFFF, 0xFFFF, 0xBC4B, 0xEA20, 0xC801, 0xEAE1, 0xD940, 0xD0A1, 0xF340, 0xC841, 0xD9E0, 0xEA81, 0xC801, // 0x03B0 (944) pixels
    0xEA60, 0xF54D, 0xFFFF, 0xFFDE, 0xFFFF, 0xFFFF, 0xFFFF, 0xFFFF, 0xFFFF, 0xFFFF, 0xFFFF, 0xFFFF, 0xF7BE, 0xCE79, 0xFFFF, 0xFFFF, // 0x03C0 (960) pixels
    0xFFFF, 0xFFFF, 0xFFFF, 0xFFFF, 0xFFFF, 0xFFDF, 0xFFDF, 0xFFFF, 0xFFFF, 0xFFFF, 0xFFFF, 0xFFFF, 0xFFFF, 0xFFFF, 0xF7DE, 0xFFFF, // 0x03D0 (976) pixels
    0xFFDF, 0xFFFF, 0xF7BE, 0xC618, 0xAD55, 0xD6DA, 0xEF9D, 0xBDF7, 0xDEFB, 0xFFFF, 0xEF7D, 0xBDF7, 0xE73C, 0xDEFB, 0xBE17, 0xC638, // 0x03E0 (992) pixels
    0xD6DA, 0xFFFF, 0xFFFF, 0xFFFF, 0xF7FF, 0xC44C, 0xE220, 0xC801, 0xEAE0, 0xD960, 0xC880, 0xF341, 0xC820, 0xE1E0, 0xE260, 0xC801, // 0x03F0 (1008) pixels
    0xE260, 0xF54D, 0xFFFF, 0xFFDE, 0xF7DE, 0xFFFF, 0xD595, 0xA30C, 0xEF7D, 0xFFFF, 0xFFDE, 0xFFFF, 0xEF9D, 0xCE79, 0xFFFF, 0xFFFF, // 0x0400 (1024) pixels
    0xFFFF, 0xFFFF, 0xFFFF, 0xFFFF, 0xFFFF, 0xFFFF, 0xFFFF, 0xFFFF, 0xFFFF, 0xFFFF, 0xFFFF, 0xFFFF, 0xFFFF, 0xFFFF, 0xFFFF, 0xFFFF, // 0x0410 (1040) pixels
    0xFFFF, 0xFFFF, 0x5ACB, 0x0000, 0x0000, 0x4A49, 0xDEDB, 0x0000, 0x83F0, 0xFFFF, 0xCE59, 0x0000, 0xA4F4, 0x6B6D, 0x0000, 0x0020, // 0x0420 (1056) pixels
    0x0000, 0x39C7, 0xDEDB, 0xFFFF, 0xFFFF, 0xBC4B, 0xEA20, 0xC801, 0xF301, 0xD940, 0xD0A1, 0xEB40, 0xD041, 0xE1E0, 0xEA81, 0xC801, // 0x0430 (1072) pixels
    0xEA80, 0xF54D, 0xFFFF, 0xFFDE, 0xFFFF, 0xF7FF, 0xAACB, 0xA882, 0xF77D, 0xFFFF, 0xFFFF, 0xFFFF, 0xF7BE, 0xCE79, 0xFFFF, 0xFFFF, // 0x0440 (1088) pixels
    0xFFFF, 0xFFFF, 0xFFFF, 0xFFFF, 0xFFFF, 0xFFFF, 0xFFFF, 0xFFFF, 0xFFFF, 0xFFFF, 0xFFFF, 0xFFFF, 0xFFFF, 0xFFFF, 0xFFFF, 0xFFFF, // 0x0450 (1104) pixels
    0xFFFF, 0xD6BA, 0x0000, 0x4208, 0xE73C, 0xF79E, 0xCE99, 0x0000, 0x7BEF, 0xFFFF, 0xC638, 0x0000, 0x9CF3, 0x6B6D, 0x0000, 0xC638, // 0x0460 (1120) pixels
    0x94D2, 0x0000, 0x39C7, 0xFFFF, 0xF7FF, 0xC44C, 0xE220, 0xC801, 0xEAE0, 0xD961, 0xC880, 0xF341, 0xC820, 0xE1E1, 0xE260, 0xC801, // 0x0470 (1136) pixels
    0xE260, 0xF54E, 0xFFFF, 0xEF3C, 0xB9E7, 0xDD34, 0xDEB9, 0xC0C3, 0xE71B, 0xDDF7, 0xC269, 0xF75D, 0xF7DE, 0xD679, 0xFFFF, 0xFFFF, // 0x0480 (1152) pixels
    0xFFFF, 0xFFFF, 0xFFFF, 0xFFFF, 0xFFFF, 0xFFFF, 0xFFFF, 0xFFFF, 0xFFFF, 0xFFFF, 0xFFFF, 0xFFFF, 0xFFFF, 0xFFFF, 0xFFFF, 0xFFFF, // 0x0490 (1168) pixels
    0xFFFF, 0xEF7D, 0x2925, 0x0000, 0x3166, 0xBDF7, 0xDEDB, 0x0000, 0x8410, 0xFFFF, 0xCE59, 0x0000, 0xA4F4, 0x6B4D, 0x0000, 0xEF5D, // 0x04A0 (1184) pixels
    0xFFFF, 0x52AA, 0x0000, 0xDEFB, 0xFFFF, 0xBC4B, 0xEA20, 0xC801, 0xEAE1, 0xD940, 0xD0A1, 0xF340, 0xC841, 0xD9E0, 0xEA81, 0xC801, // 0x04B0 (1200) pixels
    0xEA60, 0xF52D, 0xFFFF, 0xDE17, 0xB000, 0xB861, 0xC0C3, 0xC800, 0xC125, 0xB8A2, 0xB000, 0xDDD7, 0xFFFF, 0xCE79, 0xFFFF, 0xFFFF, // 0x04C0 (1216) pixels
    0xFFFF, 0xFFFF, 0xFFFF, 0xFFFF, 0xFFFF, 0xFFFF, 0xFFFF, 0xFFFF, 0xFFFF, 0xFFFF, 0xFFFF, 0xFFFF, 0xFFFF, 0xFFFF, 0xFFFF, 0xFFFF, // 0x04D0 (1232) pixels
    0xF7DE, 0xFFFF, 0xEF7D, 0x8C51, 0x0020, 0x18A3, 0xBDD7, 0x0000, 0x6B6D, 0xFFFF, 0xC638, 0x0000, 0xA534, 0x6B4D, 0x0000, 0xEF7D, // 0x04E0 (1248) pixels
    0xFFFF, 0x4A49, 0x0000, 0xEF3C, 0xFFFF, 0xBC4B, 0xE220, 0xC801, 0xEAE0, 0xD940, 0xC880, 0xF341, 0xC820, 0xE1E0, 0xE260, 0xC801, // 0x04F0 (1264) pixels
    0xE260, 0xF54D, 0xFFFF, 0xE658, 0xC000, 0xC000, 0xA8A2, 0xC841, 0xA8C3, 0xC000, 0xC000, 0xE617, 0xF7FF, 0xCE79, 0xFFFF, 0xFFFF, // 0x0500 (1280) pixels
    0xFFFF, 0xFFFF, 0xFFFF, 0xFFFF, 0xFFFF, 0xFFFF, 0xFFFF, 0xFFFF, 0xFFFF, 0xFFFF, 0xFFFF, 0xFFFF, 0xFFFF, 0xFFFF, 0xFFFF, 0xFFDF, // 0x0510 (1296) pixels
    0xFFFF, 0xCE79, 0x73AE, 0xAD55, 0x20E4, 0x0841, 0xDEFB, 0x2104, 0x1062, 0x8430, 0x4208, 0x0000, 0xE6FC, 0x630C, 0x0000, 0x7BEF, // 0x0520 (1312) pixels
    0x5ACB, 0x0000, 0x5AEB, 0xFFFF, 0xFFFF, 0xC44B, 0xEA20, 0xC801, 0xF301, 0xD940, 0xD0A1, 0xF340, 0xD041, 0xE1E0, 0xEA81, 0xC801, // 0x0530 (1328) pixels
    0xEA80, 0xF52D, 0xFFFF, 0xE5D6, 0xC28A, 0xDE38, 0xB2AA, 0xB800, 0xBBCF, 0xDD95, 0xC228, 0xE5B6, 0xFFFF, 0xCE79, 0xFFFF, 0xFFFF, // 0x0540 (1344) pixels
    0xFFFF, 0xFFFF, 0xFFFF, 0xFFFF, 0xFFFF, 0xFFFF, 0xFFFF, 0xFFFF, 0xFFFF, 0xFFFF, 0xFFFF, 0xFFFF, 0xFFFF, 0xFFFF, 0xFFFF, 0xFFFF, // 0x0550 (1360) pixels
    0xFFFF, 0xD69A, 0x1082, 0x0000, 0x18C3, 0xA514, 0xFFFF, 0xB596, 0x2104, 0x0000, 0x1082, 0x94B2, 0xFFFF, 0x736E, 0x1082, 0x1082, // 0x0560 (1376) pixels
    0x18C3, 0x738E, 0xEF7D, 0xFFFF, 0xF7FF, 0xC46C, 0xE220, 0xC801, 0xEAE0, 0xD961, 0xC880, 0xF341, 0xC820, 0xE1E1, 0xE260, 0xC801, // 0x0570 (1392) pixels
    0xEA60, 0xF54D, 0xFFFF, 0xEF1B, 0xAB6D, 0xA2EB, 0xA2CA, 0xA1A6, 0xA38D, 0xA2CB, 0xB3AE, 0xEEFB, 0xF7DF, 0xCE79, 0xFFFF, 0xFFFF, // 0x0580 (1408) pixels
    0xFFFF, 0xFFFF, 0xFFFF, 0xFFFF, 0xFFFF, 0xFFFF, 0xFFFF, 0xFFFF, 0xFFFF, 0xFFFF, 0xFFFF, 0xFFFF, 0xFFFF, 0xFFFF, 0xFFFF, 0xFFFF, // 0x0590 (1424) pixels
    0xFFFF, 0xFFFF, 0xFFFF, 0xEF9D, 0xFFDF, 0xFFFF, 0xFFFF, 0xFFFF, 0xFFDF, 0xEF7D, 0xFFDF, 0xFFFF, 0xFFFF, 0xF7BE, 0xF7DE, 0xF7DE, // 0x05A0 (1440) pixels
    0xFFFF, 0xFFFF, 0xFFFF, 0xFFDE, 0xFFFF, 0xBC4B, 0xEA20, 0xC801, 0xEAE1, 0xD940, 0xD0A1, 0xEB40, 0xC841, 0xE1E0, 0xEA81, 0xC801, // 0x05B0 (1456) pixels
    0xEA60, 0xF54D, 0xFFFF, 0xFFDE, 0x41C7, 0x0000, 0x6165, 0x8965, 0x4166, 0x0000, 0x62AB, 0xFFFF, 0xF7BE, 0xCE79, 0xFFFF, 0xFFFF, // 0x05C0 (1472) pixels
    0xFFFF, 0xFFFF, 0xFFFF, 0xFFFF, 0xFFFF, 0xFFFF, 0xFFFF, 0xFFFF, 0xFFFF, 0xFFFF, 0xFFFF, 0xFFFF, 0xFFFF, 0xFFFF, 0xFFFF, 0xFFFF, // 0x05D0 (1488) pixels
    0xFFFF, 0xFFFF, 0xFFFF, 0xFFFF, 0xF7DE, 0xFFDF, 0xFFFF, 0xFFFF, 0xF7DE, 0xFFFF, 0xFFFF, 0xFFFF, 0xFFFF, 0xFFFF, 0xFFFF, 0xFFFF, // 0x05E0 (1504) pixels
    0xFFDF, 0xFFDF, 0xFFDF, 0xFFFF, 0xF7FF, 0xC44B, 0xE220, 0xC801, 0xEAE0, 0xD960, 0xC880, 0xF341, 0xC820, 0xE1E0, 0xE260, 0xC801, // 0x05F0 (1520) pixels
    0xE260, 0xF54D, 0xFFFF, 0xC638, 0x0000, 0x0000, 0x0000, 0x0800, 0x0000, 0x0000, 0x1082, 0xE75D, 0xF7BE, 0xCE79, 0xFFFF, 0xFFFF, // 0x0600 (1536) pixels
    0xFFFF, 0xFFFF, 0xFFFF, 0xFFFF, 0xFFFF, 0xFFFF, 0xFFFF, 0xFFFF, 0xFFFF, 0xFFFF, 0xFFFF, 0xFFFF, 0xFFFF, 0xFFFF, 0xFFFF, 0xFFFF, // 0x0610 (1552) pixels
    0xFFFF, 0xFFFF, 0xFFFF, 0xFFFF, 0xFFFF, 0xFFFF, 0xFFFF, 0xFFFF, 0xFFFF, 0xFFFF, 0xFFFF, 0xFFFF, 0xFFFF, 0xFFFF, 0xFFFF, 0xFFFF, // 0x0620 (1568) pixels
    0xFFFF, 0xFFFF, 0xFFFF, 0xFFDE, 0xFFFF, 0xC46C, 0xEA40, 0xC801, 0xF301, 0xD940, 0xD0A1, 0xEB40, 0xD041, 0xE1E0, 0xEA81, 0xC801, // 0x0630 (1584) pixels
    0xEA80, 0xF52D, 0xFFFF, 0x8452, 0x2169, 0x31EA, 0x31EB, 0x29EA, 0x31EB, 0x31EA, 0x2169, 0xB5D7, 0xFFFF, 0xCE79, 0xFFFF, 0xFFFF, // 0x0640 (1600) pixels
    0xFFFF, 0xFFFF, 0xFFFF, 0xFFFF, 0xFFFF, 0xFFFF, 0xFFFF, 0xFFFF, 0xFFFF, 0xFFFF, 0xFFFF, 0xFFFF, 0xFFFF, 0xFFFF, 0xFFFF, 0xFFFF, // 0x0650 (1616) pixels
    0xFFFF, 0xFFFF, 0xFFFF, 0xFFFF, 0xFFFF, 0xFFFF, 0xFFFF, 0xFFFF, 0xFFFF, 0xFFFF, 0xFFFF, 0xFFFF, 0xFFFF, 0xFFFF, 0xFFFF, 0xFFFF, // 0x0660 (1632) pixels
    0xFFFF, 0xFFFF, 0xFFFF, 0xFFFF, 0xF7FF, 0xBC0B, 0xE9E0, 0xD001, 0xEAE1, 0xD961, 0xC880, 0xF341, 0xC820, 0xE1E1, 0xE260, 0xC801, // 0x0670 (1648) pixels
    0xEA60, 0xFD4D, 0xFFFF, 0xFFDE, 0xF7DE, 0xFFDF, 0xF7DE, 0xFFDE, 0xF7DE, 0xFFDE, 0xF7DE, 0xFFFF, 0xEF9D, 0xCE59, 0xFFFF, 0xFFFF, // 0x0680 (1664) pixels
    0xFFFF, 0xFFFF, 0xFFFF, 0xFFFF, 0xFFFF, 0xFFFF, 0xFFFF, 0xFFFF, 0xFFFF, 0xFFFF, 0xFFFF, 0xFFFF, 0xFFFF, 0xFFFF, 0xFFFF, 0xFFFF, // 0x0690 (1680) pixels
    0xFFFF, 0xFFFF, 0xFFFF, 0xFFFF, 0xFFFF, 0xFFFF, 0xFFFF, 0xFFFF, 0xFFFF, 0xFFFF, 0xFFFF, 0xFFFF, 0xFFFF, 0xFFFF, 0xFFFF, 0xFFFF, // 0x06A0 (1696) pixels
    0xFFFF, 0xFFFF, 0xFFFF, 0xFFFF, 0xFFFF, 0xC5D5, 0xBAC5, 0xB800, 0xF2A0, 0xE140, 0xD0C1, 0xEB41, 0xC841, 0xE1E0, 0xEA81, 0xC801, // 0x06B0 (1712) pixels
    0xEA60, 0xF54D, 0xFFFF, 0xFFDE, 0xFFFF, 0xFFFF, 0xFFFF, 0xFFFF, 0xFFFF, 0xFFFF, 0xFFFF, 0xDEFB, 0xBDF7, 0xD6DA, 0xFFFF, 0xFFFF, // 0x06C0 (1728) pixels
    0xFFFF, 0xFFFF, 0xFFFF, 0xFFFF, 0xFFFF, 0xFFFF, 0xFFFF, 0xFFFF, 0xFFFF, 0xFFFF, 0xFFFF, 0xFFFF, 0xFFFF, 0xFFFF, 0xFFFF, 0xFFFF, // 0x06D0 (1744) pixels
    0xFFFF, 0xFFFF, 0xFFFF, 0xFFFF, 0xFFFF, 0xFFFF, 0xFFFF, 0xFFFF, 0xFFFF, 0xFFFF, 0xFFFF, 0xFFFF, 0xFFFF, 0xFFFF, 0xFFFF, 0xFFFF, // 0x06E0 (1760) pixels
    0xFFFF, 0xFFFF, 0xFFFF, 0xFFFF, 0xFFDF, 0xFFFF, 0xE7BE, 0xCDD7, 0xBC0A, 0xB941, 0xC860, 0xFB20, 0xC840, 0xE201, 0xE260, 0xC801, // 0x06F0 (1776) pixels
    0xE260, 0xF54D, 0xFFFF, 0xFFDF, 0xF7DE, 0xFFFF, 0xFFFF, 0xFFFF, 0xEF7D, 0xCE79, 0xBDF7, 0xD69A, 0xEF9D, 0xFFFF, 0xFFFF, 0xFFFF, // 0x0700 (1792) pixels
    0xFFFF, 0xFFFF, 0xFFFF, 0xFFFF, 0xFFFF, 0xFFFF, 0xFFFF, 0xFFFF, 0xFFFF, 0xFFFF, 0xFFFF, 0xFFFF, 0xFFFF, 0xFFFF, 0xFFFF, 0xFFFF, // 0x0710 (1808) pixels
    0xFFFF, 0xFFFF, 0xFFFF, 0xFFFF, 0xFFFF, 0xFFFF, 0xFFFF, 0xFFFF, 0xFFFF, 0xFFFF, 0xFFFF, 0xFFFF, 0xFFFF, 0xFFFF, 0xFFFF, 0xFFFF, // 0x0720 (1824) pixels
    0xFFFF, 0xFFFF, 0xFFFF, 0xFFFF, 0xFFFF, 0xFFFF, 0xFFFF, 0xFFFF, 0xFFFF, 0xD6DB, 0xBC70, 0xC345, 0xC020, 0xE1C0, 0xF281, 0xC821, // 0x0730 (1840) pixels
    0xEA80, 0xF54D, 0xFFFF, 0xFFDE, 0xFFFF, 0xFFFF, 0xE73C, 0xC638, 0xC638, 0xDEFB, 0xFFFF, 0xFFFF, 0xFFFF, 0xFFFF, 0xFFFF, 0xFFFF, // 0x0740 (1856) pixels
    0xFFFF, 0xFFFF, 0xFFFF, 0xFFFF, 0xFFFF, 0xFFFF, 0xFFFF, 0xFFFF, 0xFFFF, 0xFFFF, 0xFFFF, 0xFFFF, 0xFFFF, 0xFFFF, 0xFFFF, 0xFFFF, // 0x0750 (1872) pixels
    0xFFFF, 0xFFFF, 0xFFFF, 0xFFFF, 0xFFFF, 0xFFFF, 0xFFFF, 0xFFFF, 0xFFFF, 0xFFFF, 0xFFFF, 0xFFFF, 0xFFFF, 0xFFFF, 0xFFFF, 0xFFFF, // 0x0760 (1888) pixels
    0xFFFF, 0xFFFF, 0xFFFF, 0xFFFF, 0xFFFF, 0xFFFF, 0xFFFF, 0xFFDF, 0xFFDE, 0xFFFF, 0xFFFF, 0xEFBE, 0xBD55, 0xBB89, 0xC201, 0xC000, // 0x0770 (1904) pixels
    0xF240, 0xFD6D, 0xFFFF, 0xF79E, 0xD6BA, 0xC618, 0xC658, 0xEF7D, 0xFFFF, 0xFFFF, 0xFFDF, 0xFFFF, 0xFFFF, 0xFFFF, 0xFFFF, 0xFFFF, // 0x0780 (1920) pixels
    0xFFFF, 0xFFFF, 0xFFFF, 0xFFFF, 0xFFFF, 0xFFFF, 0xFFFF, 0xFFFF, 0xFFFF, 0xFFFF, 0xFFFF, 0xFFFF, 0xFFFF, 0xFFFF, 0xFFFF, 0xFFFF, // 0x0790 (1936) pixels
    0xFFFF, 0xFFFF, 0xFFFF, 0xFFFF, 0xFFFF, 0xFFFF, 0xFFFF, 0xFFFF, 0xFFFF, 0xFFFF, 0xFFFF, 0xFFFF, 0xFFFF, 0xFFFF, 0xFFFF, 0xFFFF, // 0x07A0 (1952) pixels
    0xFFFF, 0xFFFF, 0xFFFF, 0xFFFF, 0xFFFF, 0xFFFF, 0xFFFF, 0xFFFF, 0xFFFF, 0xFFDF, 0xFFFF, 0xFFFF, 0xFFFF, 0xF7FF, 0xDEDB, 0xB3EF, // 0x07B0 (1968) pixels
    0xC2A3, 0xDCAB, 0xD6DB, 0xBDF7, 0xDEDB, 0xF7BE, 0xFFFF, 0xFFFF, 0xFFFF, 0xFFFF, 0xFFFF, 0xFFFF, 0xFFFF, 0xFFFF, 0xFFFF, 0xFFFF, // 0x07C0 (1984) pixels
    0xFFFF, 0xFFFF, 0xFFFF, 0xFFFF, 0xFFFF, 0xFFFF, 0xFFFF, 0xFFFF, 0xFFFF, 0xFFFF, 0xFFFF, 0xFFFF, 0xFFFF, 0xFFFF, 0xFFFF, 0xFFFF, // 0x07D0 (2000) pixels
    0xFFFF, 0xFFFF, 0xFFFF, 0xFFFF, 0xFFFF, 0xFFFF, 0xFFFF, 0xFFFF, 0xFFFF, 0xFFFF, 0xFFFF, 0xFFFF, 0xFFFF, 0xFFFF, 0xFFFF, 0xFFFF, // 0x07E0 (2016) pixels
    0xFFFF, 0xFFFF, 0xFFFF, 0xFFFF, 0xFFFF, 0xFFFF, 0xFFFF, 0xFFFF, 0xFFFF, 0xFFFF, 0xFFFF, 0xFFFF, 0xF7DE, 0xFFFF, 0xFFFF, 0xFFFF, // 0x07F0 (2032) pixels
    0xDF5C, 0xCE37, 0xDF1C, 0xFFFF, 0xFFFF, 0xFFFF, 0xFFDF, 0xFFFF, 0xFFFF, 0xFFFF, 0xFFFF, 0xFFFF, 0xFFFF, 0xFFFF, 0xFFFF, 0xFFFF, // 0x0800 (2048) pixels
};

static const uint16_t maison[] = {
    0x0000,0x0000,0x0000,0x0000,0xFFFF,0x0000,0x0000,0x0000,0x0000,
    0x0000,0x0000,0x0000,0xFFFF,0x0000,0xFFFF,0x0000,0x0000,0x0000,
    0x0000,0x0000,0xFFFF,0x0000,0x0000,0x0000,0xFFFF,0x0000,0x0000,
    0x0000,0xFFFF,0x0000,0x0000,0x0000,0x0000,0x0000,0xFFFF,0x0000,
    0xFFFF,0xFFFF,0x0000,0x0000,0x0000,0x0000,0x0000,0xFFFF,0xFFFF,
    0x0000,0xFFFF,0x0000,0x0000,0x0000,0x0000,0x0000,0xFFFF,0x0000,
    0x0000,0xFFFF,0xFFFF,0xFFFF,0xFFFF,0xFFFF,0xFFFF,0xFFFF,0x0000,
};

static const uint16_t soleil[] = {
    0x0000,0x0000,0x0000,0x0000,0xFFFF,0x0000,0x0000,0x0000,0x0000,
    0x0000,0x0000,0xFFFF,0x0000,0xFFFF,0x0000,0xFFFF,0x0000,0x0000,
    0x0000,0x0000,0x0000,0xFFFF,0x0000,0xFFFF,0x0000,0x0000,0x0000,
    0x0000,0xFFFF,0xFFFF,0x0000,0x0000,0x0000,0xFFFF,0xFFFF,0x0000,
    0x0000,0x0000,0x0000,0xFFFF,0x0000,0xFFFF,0x0000,0x0000,0x0000,
    0x0000,0x0000,0xFFFF,0x0000,0xFFFF,0x0000,0xFFFF,0x0000,0x0000,
    0x0000,0x0000,0x0000,0x0000,0xFFFF,0x0000,0x0000,0x0000,0x0000,
};

static const uint16_t exterieur[] = {
    0x0000, 0x0000, 0x0000, 0x0000, 0x0000, 0x0000, 0x0000, 0x0000, 0x0000, 0x0000, 0x0000, 0x0000, 0x0000, 0x0000, 0x0000, 0x0000,   // 0x0010 (16) pixels
    0x0000, 0x0000, 0x0000, 0x0000, 0x093F, 0x093F, 0x093F, 0x093F, 0x093F, 0x093F, 0x093F, 0x093F, 0x093F, 0x093F, 0x093F, 0x093F,   // 0x0020 (32) pixels
    0x093F, 0x093F, 0x093F, 0x093F, 0x093F, 0x093F, 0x093F, 0x093F, 0x093F, 0x093F, 0x093F, 0x093F, 0x093F, 0x093F, 0x093F, 0x093F,   // 0x0030 (48) pixels
    0x093F, 0x093F, 0x093F, 0x093F, 0x093F, 0x093F, 0x093F, 0x093F, 0x093F, 0x093F, 0x093F, 0x093F, 0x093F, 0x093F, 0x093F, 0x093F,   // 0x0040 (64) pixels
    0x0000, 0x0000, 0x0000, 0x0000, 0x0000, 0x0000, 0x0000, 0x0000, 0x0000, 0x0000, 0x0000, 0x0000, 0x0000, 0x0000, 0x0000, 0x0000,   // 0x0050 (80) pixels
    0x0000, 0x0000, 0x0000, 0x0000, 0x0000, 0x0000, 0x093F, 0x093F, 0x093F, 0x093F, 0x093F, 0x093F, 0x093F, 0x093F, 0x093F, 0x093F,   // 0x0060 (96) pixels
    0x093F, 0x093F, 0x093F, 0x093F, 0x093F, 0x093F, 0x093F, 0x093F, 0x093F, 0x093F, 0x093F, 0x093F, 0x093F, 0x093F, 0xFF41, 0x093F,   // 0x0070 (112) pixels
    0x093F, 0x093F, 0x093F, 0x093F, 0x093F, 0x093F, 0x093F, 0x093F, 0x093F, 0x093F, 0x093F, 0x093F, 0x093F, 0x093F, 0x093F, 0x093F,   // 0x0080 (128) pixels
    0x0000, 0x0000, 0x0000, 0x0000, 0x0000, 0x0000, 0x0000, 0x0000, 0x0000, 0x0000, 0x0000, 0x0000, 0x0000, 0x0000, 0x0000, 0x0000,   // 0x0090 (144) pixels
    0x0000, 0x0000, 0x0000, 0x0000, 0x0000, 0x0000, 0x0000, 0x0000, 0x093F, 0x093F, 0x093F, 0x093F, 0x093F, 0x093F, 0x093F, 0x093F,   // 0x00A0 (160) pixels
    0x093F, 0x093F, 0x093F, 0x093F, 0x093F, 0x093F, 0x093F, 0x093F, 0x093F, 0x093F, 0x093F, 0x093F, 0x093F, 0x093F, 0xFF41, 0x093F,   // 0x00B0 (176) pixels
    0x093F, 0x093F, 0x093F, 0x093F, 0x093F, 0x093F, 0x093F, 0x093F, 0x093F, 0x093F, 0x093F, 0x093F, 0x093F, 0x093F, 0x093F, 0x093F,   // 0x00C0 (192) pixels
    0x0000, 0x0000, 0x0000, 0x0000, 0x0000, 0x0000, 0x0000, 0x0000, 0x0000, 0x0000, 0x0000, 0x0000, 0x0000, 0x0000, 0x0000, 0x0000,   // 0x00D0 (208) pixels
    0x0000, 0x0000, 0x0000, 0x0000, 0x0000, 0x0000, 0x0000, 0x0000, 0x0024, 0x0000, 0x093F, 0x093F, 0x093F, 0x093F, 0x093F, 0x093F,   // 0x00E0 (224) pixels
    0x093F, 0x093F, 0x093F, 0x093F, 0x093F, 0x093F, 0x093F, 0x093F, 0x093F, 0x093F, 0x093F, 0x093F, 0x093F, 0x093F, 0xFF41, 0x093F,   // 0x00F0 (240) pixels
    0x093F, 0x093F, 0x093F, 0x093F, 0x093F, 0x093F, 0x093F, 0x093F, 0x093F, 0x093F, 0x093F, 0x093F, 0x093F, 0x093F, 0x093F, 0x093F,   // 0x0100 (256) pixels
    0x0000, 0x0000, 0x0000, 0x0000, 0x0000, 0x0000, 0x0000, 0x0000, 0x0000, 0x0000, 0x0000, 0x0000, 0x0000, 0x0000, 0x0000, 0x0000,   // 0x0110 (272) pixels
    0x0000, 0x0000, 0x0000, 0x0000, 0x0000, 0x0000, 0x0000, 0x0000, 0x0000, 0x0000, 0x0000, 0x093F, 0x093F, 0x093F, 0x093F, 0x093F,   // 0x0120 (288) pixels
    0x093F, 0x093F, 0x093F, 0x093F, 0x093F, 0x093F, 0x093F, 0x093F, 0x093F, 0x093F, 0x093F, 0x093F, 0x093F, 0x093F, 0xFF41, 0x093F,   // 0x0130 (304) pixels
    0x093F, 0x093F, 0x093F, 0x093F, 0x093F, 0x093F, 0x093F, 0x093F, 0x093F, 0x093F, 0x093F, 0x093F, 0x093F, 0x093F, 0x093F, 0x093F,   // 0x0140 (320) pixels
    0x0000, 0x0000, 0x0000, 0x0000, 0x0000, 0x0000, 0x0000, 0x0000, 0x0000, 0x0000, 0x0000, 0x0000, 0x0000, 0x0000, 0x0000, 0x0000,   // 0x0150 (336) pixels
    0x0000, 0x0000, 0x0000, 0x0000, 0x0000, 0x0000, 0x0000, 0x0000, 0x0000, 0x0000, 0x0000, 0x0000, 0x0000, 0x093F, 0x093F, 0x093F,   // 0x0160 (352) pixels
    0x093F, 0x093F, 0x093F, 0x093F, 0x093F, 0x093F, 0x093F, 0x093F, 0x093F, 0x093F, 0x093F, 0x093F, 0x093F, 0x093F, 0xFF41, 0x093F,   // 0x0170 (368) pixels
    0x093F, 0x093F, 0x093F, 0x093F, 0x093F, 0x093F, 0x093F, 0x093F, 0x093F, 0x093F, 0x093F, 0x093F, 0x093F, 0x093F, 0x093F, 0x093F,   // 0x0180 (384) pixels
    0x0000, 0x0000, 0x0000, 0x0000, 0x0000, 0x0000, 0x0000, 0x0000, 0x0000, 0x0000, 0x0000, 0x0000, 0x0000, 0x0000, 0xFFFF, 0x0000,   // 0x0190 (400) pixels
    0x0000, 0x0000, 0xFFFF, 0x0000, 0x0000, 0x0000, 0x0000, 0x0000, 0x0000, 0x0000, 0x0000, 0x0000, 0x0000, 0x0046, 0x093F, 0x093F,   // 0x01A0 (416) pixels
    0x093F, 0x093F, 0x093F, 0x093F, 0x093F, 0x093F, 0x093F, 0x093F, 0x093F, 0x093F, 0x093F, 0x093F, 0x093F, 0x093F, 0xFF41, 0x093F,   // 0x01B0 (432) pixels
    0x093F, 0x093F, 0x093F, 0x093F, 0x093F, 0x093F, 0x093F, 0x093F, 0x093F, 0x093F, 0x093F, 0x093F, 0x093F, 0x093F, 0x093F, 0x093F,   // 0x01C0 (448) pixels
    0x0000, 0x0000, 0x0000, 0x0000, 0x0000, 0x0000, 0x0000, 0x0000, 0x0000, 0x0000, 0x0000, 0x0000, 0x0000, 0xFFFF, 0xFFFF, 0xFFFF,   // 0x01D0 (464) pixels
    0x0000, 0x0000, 0x0000, 0x0000, 0x0000, 0x0000, 0x0000, 0x0000, 0x0000, 0x0000, 0x0000, 0x0000, 0x0000, 0x0000, 0x0000, 0x0000,   // 0x01E0 (480) pixels
    0x093F, 0x093F, 0x093F, 0x093F, 0x093F, 0x093F, 0x093F, 0x093F, 0x093F, 0x093F, 0x093F, 0x093F, 0x093F, 0x093F, 0xFF41, 0x093F,   // 0x01F0 (496) pixels
    0x093F, 0x093F, 0x093F, 0x093F, 0x093F, 0x093F, 0x093F, 0x093F, 0x093F, 0x093F, 0x093F, 0x093F, 0x093F, 0x093F, 0x093F, 0x093F,   // 0x0200 (512) pixels
    0x0000, 0x0000, 0x0000, 0x0000, 0x0000, 0x0000, 0x0000, 0x0000, 0x0000, 0x0000, 0x0000, 0x0000, 0x0000, 0xFFFF, 0x0000, 0xFFFF,   // 0x0210 (528) pixels
    0x0000, 0x0000, 0xFFFF, 0x0000, 0xFFFF, 0xFFFF, 0x0000, 0x0000, 0x0000, 0x0000, 0x0000, 0x0000, 0x0000, 0x0000, 0x0000, 0x0000,   // 0x0220 (544) pixels
    0x0000, 0x093F, 0x093F, 0x093F, 0x093F, 0x093F, 0xFF41, 0x093F, 0x093F, 0x093F, 0x093F, 0x093F, 0x093F, 0x093F, 0x093F, 0x093F,   // 0x0230 (560) pixels
    0x093F, 0x093F, 0x093F, 0x093F, 0x093F, 0x093F, 0xFF41, 0x093F, 0x093F, 0x093F, 0x093F, 0x093F, 0x093F, 0x093F, 0x093F, 0x093F,   // 0x0240 (576) pixels
    0x0000, 0x0000, 0x0000, 0x0000, 0x0000, 0x0000, 0x0000, 0x0000, 0x0000, 0x0000, 0x0000, 0x0000, 0x0000, 0xFFFF, 0x0000, 0xFFFF,   // 0x0250 (592) pixels
    0x0000, 0x0000, 0xFFFF, 0x0000, 0xFFFF, 0x0000, 0x0000, 0x0000, 0x0000, 0x0000, 0x0000, 0x0000, 0x0000, 0x0000, 0x0000, 0x0000,   // 0x0260 (608) pixels
    0x0000, 0x0001, 0x0000, 0x093F, 0x093F, 0x093F, 0x093F, 0xFF41, 0x093F, 0x093F, 0x093F, 0x093F, 0x093F, 0x093F, 0x093F, 0x093F,   // 0x0270 (624) pixels
    0x093F, 0x093F, 0x093F, 0x093F, 0x093F, 0xFF41, 0x093F, 0x093F, 0x093F, 0x093F, 0x093F, 0x093F, 0x093F, 0x093F, 0x093F, 0x093F,   // 0x0280 (640) pixels
    0x0000, 0x0000, 0x0000, 0x0000, 0x0000, 0x0000, 0x0000, 0x0000, 0x0000, 0x0000, 0x0000, 0x0000, 0xFFFF, 0xFFFF, 0xFFFF, 0xFFFF,   // 0x0290 (656) pixels
    0xFFFF, 0x0000, 0xFFFF, 0x0000, 0xFFFF, 0x0000, 0x0000, 0x0000, 0x0000, 0x0000, 0x0000, 0x0000, 0x0000, 0x0000, 0x0000, 0x0000,   // 0x02A0 (672) pixels
    0x0000, 0x0000, 0x0000, 0x0000, 0x093F, 0x093F, 0x093F, 0x093F, 0xFF41, 0x093F, 0x093F, 0x093F, 0xFF41, 0xFF22, 0xFF41, 0xFF60,   // 0x02B0 (688) pixels
    0xFF41, 0x093F, 0x093F, 0x093F, 0xFF41, 0x093F, 0x093F, 0x093F, 0x093F, 0x093F, 0x093F, 0x093F, 0x093F, 0x093F, 0x093F, 0x093F,   // 0x02C0 (704) pixels
    0x0000, 0x0000, 0x0000, 0x0000, 0x0000, 0x0000, 0x0000, 0x0000, 0x0000, 0x0000, 0x0000, 0x0000, 0xFFFF, 0x0000, 0x0000, 0x0000,   // 0x02D0 (720) pixels
    0xFFFF, 0x0000, 0xFFFF, 0x0000, 0xFFFF, 0x0000, 0x0000, 0x0000, 0x0000, 0x0000, 0x0000, 0x0000, 0x0000, 0x0000, 0x0000, 0x0000,   // 0x02E0 (736) pixels
    0x0000, 0x0000, 0x0000, 0x0000, 0x0000, 0x093F, 0x093F, 0x093F, 0x093F, 0x093F, 0x093F, 0xFF41, 0xFF41, 0xFF41, 0xFF41, 0xFF41,   // 0x02F0 (752) pixels
    0xFF41, 0xFF41, 0x093F, 0x093F, 0x093F, 0x093F, 0x093F, 0x093F, 0x093F, 0x093F, 0x093F, 0x093F, 0x093F, 0x093F, 0x093F, 0x093F,   // 0x0300 (768) pixels
    0x0000, 0x0000, 0x0000, 0x0000, 0x0000, 0x0000, 0x0000, 0x0000, 0x0000, 0x0000, 0x0000, 0x0000, 0xFFFF, 0x0000, 0x0000, 0x0000,   // 0x0310 (784) pixels
    0xFFFF, 0x0000, 0xFFFF, 0x0000, 0xFFFF, 0x0000, 0x0000, 0x0000, 0x0000, 0x0000, 0x0000, 0x0000, 0x0000, 0x0000, 0x0000, 0x0000,   // 0x0320 (800) pixels
    0x0000, 0x0000, 0x0000, 0x0000, 0x0000, 0x0025, 0x093F, 0x093F, 0x093F, 0x093F, 0xFF40, 0xFF40, 0xFF41, 0xFF41, 0xFF41, 0xFF41,   // 0x0330 (816) pixels
    0xFF41, 0xFF40, 0xFF41, 0x093F, 0x093F, 0x093F, 0x093F, 0x093F, 0x093F, 0x093F, 0x093F, 0x093F, 0x093F, 0x093F, 0x093F, 0x093F,   // 0x0340 (832) pixels
    0x0000, 0x0000, 0x0000, 0x0000, 0x0000, 0x0000, 0x0000, 0x0000, 0x0000, 0x0000, 0x0000, 0x0000, 0x0000, 0x0000, 0x0000, 0x0000,   // 0x0350 (848) pixels
    0x0000, 0x0000, 0x0000, 0x0000, 0x0000, 0x0000, 0x0000, 0x0000, 0x0000, 0x0000, 0x0000, 0x0000, 0x0000, 0x0000, 0x0000, 0x0000,   // 0x0360 (864) pixels
    0x0000, 0x0000, 0x0000, 0x0000, 0x0000, 0x0000, 0x0001, 0x093F, 0x093F, 0xFF41, 0xFF41, 0xFF41, 0xFF41, 0xFF41, 0xFF41, 0xFF41,   // 0x0370 (880) pixels
    0xFF41, 0xFF40, 0x0000, 0x0000, 0x0000, 0x093F, 0x093F, 0x093F, 0x093F, 0x093F, 0x093F, 0x093F, 0x093F, 0x093F, 0x093F, 0x093F,   // 0x0380 (896) pixels
    0x0000, 0x0000, 0x0000, 0x0000, 0x0000, 0x0000, 0x0000, 0x0000, 0x0000, 0x0000, 0x0000, 0x0000, 0x0000, 0x0000, 0x0000, 0x0000,   // 0x0390 (912) pixels
    0x0000, 0x0000, 0x0000, 0x0000, 0x0000, 0x0000, 0x0000, 0x0000, 0x0000, 0x0000, 0x0000, 0x0000, 0x0000, 0x0000, 0x0000, 0x0000,   // 0x03A0 (928) pixels
    0x0000, 0x0000, 0x0000, 0x0000, 0x0000, 0x0000, 0x0000, 0x0000, 0xFF41, 0xFF41, 0xFF41, 0xFF41, 0xFF41, 0xFF41, 0xFF41, 0xFF41,   // 0x03B0 (944) pixels
    0xFF41, 0x0000, 0xFFFF, 0xFFFF, 0xFFFF, 0x0000, 0x093F, 0x093F, 0x093F, 0x093F, 0x093F, 0x093F, 0x093F, 0x093F, 0x093F, 0x093F,   // 0x03C0 (960) pixels
    0x0000, 0x0000, 0x0000, 0x0000, 0x0000, 0x0000, 0x0000, 0x0000, 0x0000, 0x0000, 0x0000, 0x0000, 0x0000, 0x0000, 0x0000, 0x0000,   // 0x03D0 (976) pixels
    0x0000, 0x0000, 0x0000, 0x0000, 0x0000, 0x0000, 0x0000, 0x0000, 0x0000, 0x0000, 0x0000, 0x0000, 0x0000, 0x0000, 0x0000, 0x0000,   // 0x03E0 (992) pixels
    0x0000, 0x0000, 0x0000, 0x0000, 0x0000, 0x0000, 0x0000, 0x0000, 0xFF20, 0xFF40, 0xFF41, 0xFF41, 0xFF41, 0xFF41, 0xFF41, 0xFF40,   // 0x03F0 (1008) pixels
    0x0000, 0xFFFF, 0xFFFF, 0xFFFF, 0xFFFF, 0xFFFF, 0x0000, 0x093F, 0x093F, 0x093F, 0x093F, 0x093F, 0x093F, 0x093F, 0x093F, 0x093F,   // 0x0400 (1024) pixels
    0x0000, 0x0000, 0x0000, 0x0000, 0x0000, 0x0000, 0x0000, 0x0000, 0x0000, 0x0000, 0x0000, 0x0000, 0x0000, 0x0000, 0x0000, 0x0000,   // 0x0410 (1040) pixels
    0x0000, 0x0000, 0x0000, 0x0000, 0x0000, 0x0000, 0x0000, 0x0000, 0x0000, 0x0000, 0x0000, 0x0000, 0x0000, 0x0000, 0x0000, 0xFF41,   // 0x0420 (1056) pixels
    0xFF41, 0xFF41, 0xFF41, 0xFF41, 0xFF41, 0xFF41, 0x0000, 0xFF41, 0xFF22, 0xFF41, 0xFF41, 0xFF41, 0xFF41, 0xFF20, 0x0000, 0xFF24,   // 0x0430 (1072) pixels
    0x0000, 0xFFFF, 0xFFFF, 0xFFFF, 0xFFFF, 0xFFFF, 0x0000, 0xFF41, 0xFF41, 0xFF41, 0xFF41, 0xFF41, 0xFF41, 0x093F, 0x093F, 0x093F,   // 0x0440 (1088) pixels
    0x0000, 0x0000, 0x0000, 0x0000, 0x0000, 0x0000, 0x0000, 0x0000, 0x0000, 0x0000, 0x0000, 0x0000, 0x0000, 0x0000, 0x0000, 0xFFFF,   // 0x0450 (1104) pixels
    0x0000, 0x0000, 0x0000, 0x0000, 0x0000, 0x0000, 0x0000, 0x0000, 0x0000, 0x0000, 0x0000, 0x0000, 0x0000, 0x0000, 0x0000, 0x0000,   // 0x0460 (1120) pixels
    0x0000, 0x0000, 0x0000, 0x0000, 0x0000, 0x0000, 0x0000, 0x0000, 0xFF60, 0xFF41, 0xFF41, 0xFF41, 0xF785, 0x0000, 0xFFFF, 0x0000,   // 0x0470 (1136) pixels
    0xFFFF, 0x0000, 0xFFFF, 0xFFFF, 0xFFFF, 0x0000, 0x093F, 0x093F, 0x0000, 0x093F, 0x093F, 0x093F, 0x093F, 0x093F, 0x093F, 0x093F,   // 0x0480 (1152) pixels
    0x0000, 0xFFFF, 0xFFFF, 0xFFFF, 0xFFFF, 0x0000, 0x0000, 0x0000, 0x0000, 0x0000, 0x0000, 0x0000, 0x0000, 0x0000, 0xFFFF, 0x0000,   // 0x0490 (1168) pixels
    0x0000, 0x0000, 0x0000, 0x0000, 0x0000, 0xFFFF, 0x0000, 0x0000, 0x0000, 0x0000, 0x0000, 0x0000, 0x0000, 0x0000, 0x0000, 0x0000,   // 0x04A0 (1184) pixels
    0x0000, 0x0000, 0x0000, 0x0000, 0x0000, 0x0000, 0x0000, 0x0000, 0xF745, 0xFF41, 0xFF41, 0xF720, 0x0000, 0xFFFF, 0xFFFF, 0xFFFF,   // 0x04B0 (1200) pixels
    0xFFFF, 0xFFFF, 0xFFFF, 0xFFFF, 0xFFFF, 0xFFFF, 0x0000, 0x0000, 0xFFFF, 0x0000, 0x0000, 0x093F, 0x093F, 0x093F, 0x093F, 0x093F,   // 0x04C0 (1216) pixels
    0x0000, 0xFFFF, 0x0000, 0x0000, 0x0000, 0x0000, 0x0000, 0x0000, 0x0000, 0x0000, 0xFFFF, 0x0000, 0x0000, 0x0000, 0x0000, 0x0000,   // 0x04D0 (1232) pixels
    0x0000, 0x0000, 0x0000, 0x0000, 0x0000, 0x0000, 0x0000, 0x0000, 0x0000, 0x0000, 0x0000, 0x0000, 0x0000, 0x0000, 0x0000, 0x0000,   // 0x04E0 (1248) pixels
    0x0000, 0x0000, 0x0000, 0x0000, 0x0000, 0x0000, 0x0000, 0x0000, 0x0000, 0xFF40, 0xFF20, 0x0000, 0xFFFF, 0xFFFF, 0xFFFF, 0xFFFF,   // 0x04F0 (1264) pixels
    0xFFFF, 0xFFFF, 0xFFFF, 0xFFFF, 0xFFFF, 0xFFFF, 0xFFFF, 0xFFFF, 0xFFFF, 0xFFFF, 0x0000, 0x0000, 0x093F, 0x093F, 0x093F, 0x093F,   // 0x0500 (1280) pixels
    0x0000, 0xFFFF, 0x0000, 0x0000, 0x0000, 0x0000, 0xFFFF, 0x0000, 0xFFFF, 0x0000, 0xFFFF, 0x0000, 0x0000, 0x0000, 0xFFFF, 0xFFFF,   // 0x0510 (1296) pixels
    0x0000, 0x0000, 0xFFFF, 0xFFFF, 0x0000, 0xFFFF, 0x0000, 0x0000, 0xFFFF, 0xFFFF, 0x0000, 0x0000, 0xFFFF, 0x0000, 0x0000, 0xFFFF,   // 0x0520 (1312) pixels
    0x0000, 0xFFFF, 0xFFFF, 0x0000, 0x0000, 0x0000, 0x0000, 0x0000, 0x0000, 0xFF41, 0xFF20, 0xFF01, 0x0000, 0xFFFF, 0xFFFF, 0xFFFF,   // 0x0530 (1328) pixels
    0xFFFF, 0xFFFF, 0xFFFF, 0xFFFF, 0xFFFF, 0xFFFF, 0xFFFF, 0xFFFF, 0xFFFF, 0xFFFF, 0xFFFF, 0x0000, 0x093F, 0x093F, 0x093F, 0x093F,   // 0x0540 (1344) pixels
    0x0000, 0xFFFF, 0xFFFF, 0xFFFF, 0x0000, 0x0000, 0xFFFF, 0xFFFF, 0xFFFF, 0x0000, 0xFFFF, 0xFFFF, 0x0000, 0xFFFF, 0x0000, 0x0000,   // 0x0550 (1360) pixels
    0xFFFF, 0x0000, 0xFFFF, 0x0000, 0x0000, 0xFFFF, 0x0000, 0xFFFF, 0x0000, 0x0000, 0xFFFF, 0x0000, 0xFFFF, 0x0000, 0x0000, 0xFFFF,   // 0x0560 (1376) pixels
    0x0000, 0xFFFF, 0x0000, 0x0000, 0x0000, 0x0000, 0x0000, 0x0000, 0x0000, 0x0000, 0xFF41, 0xFF20, 0xFF41, 0x0000, 0xFFFF, 0xFFFF,   // 0x0570 (1392) pixels
    0xFFFF, 0xFFFF, 0xFFFF, 0xFFFF, 0xFFFF, 0xFFFF, 0xFFFF, 0xFFFF, 0xFFFF, 0xFFFF, 0xFFFF, 0x0000, 0x093F, 0x093F, 0x093F, 0x093F,   // 0x0580 (1408) pixels
    0x0000, 0xFFFF, 0x0000, 0x0000, 0x0000, 0x0000, 0x0000, 0xFFFF, 0x0000, 0x0000, 0xFFFF, 0x0000, 0x0000, 0xFFFF, 0xFFFF, 0xFFFF,   // 0x0590 (1424) pixels
    0xFFFF, 0x0000, 0xFFFF, 0x0000, 0x0000, 0xFFFF, 0x0000, 0xFFFF, 0xFFFF, 0xFFFF, 0xFFFF, 0x0000, 0xFFFF, 0x0000, 0x0000, 0xFFFF,   // 0x05A0 (1440) pixels
    0x0000, 0xFFFF, 0x0000, 0x0000, 0x0000, 0x0000, 0x0000, 0x0000, 0xFF41, 0x0000, 0x0000, 0x0000, 0x0000, 0xFFFF, 0xFFFF, 0xFFFF,   // 0x05B0 (1456) pixels
    0xFFFF, 0xFFFF, 0xFFFF, 0xFFFF, 0xFFFF, 0xFFFF, 0xFFFF, 0xFFFF, 0xFFFF, 0xFFFF, 0x0000, 0xFFFF, 0x0000, 0x0000, 0x093F, 0x093F,   // 0x05C0 (1472) pixels
    0x0000, 0xFFFF, 0x0000, 0x0000, 0x0000, 0x0000, 0xFFFF, 0xFFFF, 0xFFFF, 0x0000, 0xFFFF, 0x0000, 0x0000, 0xFFFF, 0x0000, 0x0000,   // 0x05D0 (1488) pixels
    0x0000, 0x0000, 0xFFFF, 0x0000, 0x0000, 0xFFFF, 0x0000, 0xFFFF, 0x0000, 0x0000, 0x0000, 0x0000, 0xFFFF, 0x0000, 0xFFFF, 0xFFFF,   // 0x05E0 (1504) pixels
    0x0000, 0xFFFF, 0x0000, 0x0000, 0x0000, 0x0000, 0x0000, 0xFF41, 0x0000, 0x0000, 0x0000, 0x0000, 0xFFFF, 0xFFFF, 0xFFFF, 0xFFFF,   // 0x05F0 (1520) pixels
    0xFFFF, 0xFFFF, 0xFFFF, 0xFFFF, 0xFFFF, 0xFFFF, 0xFFFF, 0xFFFF, 0xFFFF, 0xFFFF, 0xFFFF, 0xFFFF, 0xFFFF, 0xFFFF, 0x0000, 0x093F,   // 0x0600 (1536) pixels
    0x0000, 0xFFFF, 0xFFFF, 0xFFFF, 0xFFFF, 0x0000, 0xFFFF, 0x0000, 0xFFFF, 0x0000, 0x0000, 0xFFFF, 0x0000, 0x0000, 0xFFFF, 0xFFFF,   // 0x0610 (1552) pixels
    0xFFFF, 0x0000, 0xFFFF, 0x0000, 0x0000, 0xFFFF, 0x0000, 0x0000, 0xFFFF, 0xFFFF, 0xFFFF, 0x0000, 0xFFFF, 0xFFFF, 0x0000, 0xFFFF,   // 0x0620 (1568) pixels
    0x0000, 0xFFFF, 0x0000, 0x0000, 0x0000, 0x0000, 0xFF41, 0x0000, 0x0000, 0x0000, 0x0000, 0xFFFF, 0xFFFF, 0xFFFF, 0xFFFF, 0xFFFF,   // 0x0630 (1584) pixels
    0xFFFF, 0xFFFF, 0xFFFF, 0xFFFF, 0xFFFF, 0xFFFF, 0xFFFF, 0xFFFF, 0xFFFF, 0xFFFF, 0xFFFF, 0xFFFF, 0xFFFF, 0xFFFF, 0xFFFF, 0x0000,   // 0x0640 (1600) pixels
    0x0000, 0x0000, 0x0000, 0x0000, 0x0000, 0x0000, 0x0000, 0x0000, 0x0000, 0x0000, 0x0000, 0x0000, 0x0000, 0x0000, 0x0000, 0x0000,   // 0x0650 (1616) pixels
    0x0000, 0x0000, 0x0000, 0x0000, 0x0000, 0x0000, 0x0000, 0x0000, 0x0000, 0x0000, 0x0000, 0x0000, 0x0000, 0x0000, 0x0000, 0x0000,   // 0x0660 (1632) pixels
    0x0000, 0x0000, 0x0000, 0x0000, 0x0000, 0x0000, 0x0000, 0x0000, 0x0000, 0x0000, 0x0000, 0xFFFF, 0xFFFF, 0xFFFF, 0xFFFF, 0xFFFF,   // 0x0670 (1648) pixels
    0xFFFF, 0xFFFF, 0xFFFF, 0xFFFF, 0xFFFF, 0xFFFF, 0xFFFF, 0xFFFF, 0xFFFF, 0xFFFF, 0xFFFF, 0xFFFF, 0xFFFF, 0xFFFF, 0xFFFF, 0x0000,   // 0x0680 (1664) pixels
    0x0000, 0x0000, 0x0000, 0x0000, 0x0000, 0x0000, 0x0000, 0x0000, 0x0000, 0x0000, 0x0000, 0x0000, 0x0000, 0x0000, 0x0000, 0x0000,   // 0x0690 (1680) pixels
    0x0000, 0x0000, 0x0000, 0x0000, 0x0000, 0x0000, 0x0000, 0x0000, 0x0000, 0x0000, 0x0000, 0x0000, 0x0000, 0x0000, 0x0000, 0x0000,   // 0x06A0 (1696) pixels
    0x0000, 0x0000, 0x0000, 0x0000, 0x0000, 0x0000, 0x0000, 0x0000, 0x0000, 0x0000, 0x0000, 0x0000, 0xFFFF, 0xFFFF, 0xFFFF, 0xFFFF,   // 0x06B0 (1712) pixels
    0xFFFF, 0xFFFF, 0xFFFF, 0xFFFF, 0xFFFF, 0xFFFF, 0xFFFF, 0xFFFF, 0xFFFF, 0xFFFF, 0xFFFF, 0xFFFF, 0xFFFF, 0xFFFF, 0x0000, 0x093F,   // 0x06C0 (1728) pixels
    0x0000, 0x0000, 0x0000, 0x0000, 0x0000, 0x0000, 0x0000, 0x0000, 0x0000, 0x0000, 0x0000, 0x0000, 0x0000, 0x0000, 0x0000, 0x0000,   // 0x06D0 (1744) pixels
    0x0000, 0x0000, 0x0000, 0x0000, 0x0000, 0x0000, 0x0000, 0x0000, 0x0000, 0x0000, 0x0000, 0x0000, 0x0000, 0x0000, 0x0000, 0x0000,   // 0x06E0 (1760) pixels
    0x0000, 0x0000, 0x0000, 0x0000, 0x0000, 0x0000, 0x0000, 0x0000, 0x0000, 0x0000, 0x0000, 0x0000, 0x0000, 0x0000, 0x0000, 0x0000,   // 0x06F0 (1776) pixels
    0x0000, 0x0000, 0x0000, 0x0000, 0x0000, 0x0000, 0x0000, 0x0000, 0x0000, 0x0000, 0x0000, 0x0000, 0x0000, 0x0000, 0x0000, 0x093F,   // 0x0700 (1792) pixels
    0x0000, 0x0000, 0x0000, 0x0000, 0x0000, 0x0000, 0x0000, 0x0000, 0x0000, 0x0000, 0x0000, 0x0000, 0x0000, 0x0000, 0x0000, 0x0000,   // 0x0710 (1808) pixels
    0x0000, 0x0000, 0x0000, 0x0000, 0x0000, 0x0000, 0x0000, 0x0000, 0x0000, 0x0000, 0x0000, 0x0000, 0x0000, 0x0000, 0x0000, 0x0000,   // 0x0720 (1824) pixels
    0x0000, 0x0000, 0x0000, 0x0000, 0x0000, 0x0000, 0x0000, 0x0000, 0x0000, 0x0000, 0x0000, 0x0000, 0x0000, 0x0000, 0xFF41, 0x0000,   // 0x0730 (1840) pixels
    0x0000, 0x0000, 0x0000, 0x0000, 0x0000, 0x093F, 0x093F, 0x093F, 0x093F, 0x093F, 0x093F, 0x093F, 0x093F, 0x093F, 0x093F, 0x093F,   // 0x0740 (1856) pixels
    0x0000, 0x0000, 0x0000, 0x0000, 0x0000, 0x0000, 0x0000, 0x0000, 0x0000, 0x0000, 0x0000, 0x0000, 0x0000, 0x0000, 0x0000, 0x0000,   // 0x0750 (1872) pixels
    0x0000, 0x0000, 0x0000, 0x0000, 0x0000, 0x0000, 0x0000, 0x0000, 0x0000, 0x0000, 0x0000, 0x0000, 0x0000, 0x0000, 0x0000, 0x0000,   // 0x0760 (1888) pixels
    0x0000, 0x0000, 0x0000, 0x0000, 0x0000, 0x0000, 0x0000, 0x0000, 0x0000, 0x0000, 0x0000, 0x0000, 0x0000, 0x0000, 0xFF41, 0x0000,   // 0x0770 (1904) pixels
    0x0000, 0x0000, 0x0000, 0x0000, 0x0000, 0x0000, 0x093F, 0x093F, 0x093F, 0x093F, 0x093F, 0x093F, 0x093F, 0x093F, 0x093F, 0x093F,   // 0x0780 (1920) pixels
    0x0000, 0x0000, 0x0000, 0x0000, 0x0000, 0x0000, 0x0000, 0x0000, 0x0000, 0x0000, 0x0000, 0x0000, 0x0000, 0x0000, 0x0000, 0x0000,   // 0x0790 (1936) pixels
    0x0000, 0x0000, 0x0000, 0x0000, 0x0000, 0x0000, 0x0000, 0x0000, 0x0000, 0x0000, 0x0000, 0x0000, 0x0000, 0x0000, 0x0000, 0x0000,   // 0x07A0 (1952) pixels
    0x0000, 0x0000, 0x0000, 0x0000, 0x0000, 0x0000, 0x0000, 0x0000, 0x0000, 0x0000, 0x0000, 0x0000, 0x0000, 0x0000, 0xFF41, 0x0000,   // 0x07B0 (1968) pixels
    0x0000, 0x0000, 0x0000, 0x0000, 0x0000, 0x0000, 0x093F, 0x093F, 0x093F, 0x093F, 0x093F, 0x093F, 0x093F, 0x093F, 0x093F, 0x093F,   // 0x07C0 (1984) pixels
    0x0000, 0x0000, 0x0000, 0x0000, 0x0000, 0x0000, 0x0000, 0x0000, 0x0000, 0x0000, 0x0000, 0x0000, 0x0000, 0x0000, 0x0000, 0x0000,   // 0x07D0 (2000) pixels
    0x0000, 0x0000, 0x0000, 0x0000, 0x0000, 0x0000, 0x0000, 0x0000, 0x0000, 0x0000, 0x0000, 0x0000, 0x0000, 0x0000, 0x0000, 0x0000,   // 0x07E0 (2016) pixels
    0x0000, 0x0000, 0x0000, 0x0000, 0x0000, 0x0000, 0x0000, 0x0000, 0x0000, 0x0000, 0x0000, 0x0000, 0x0000, 0x0000, 0x0000, 0x0000,   // 0x07F0 (2032) pixels
    0x0000, 0x0000, 0x0000, 0x0000, 0x0000, 0x0000, 0x0000, 0x093F, 0x093F, 0x093F, 0x093F, 0x093F, 0x093F, 0x093F, 0x093F, 0x093F,   // 0x0800 (2048) pixels
};
static const uint16_t interieur_wifi[] = {
    0x0000, 0x0000, 0x0000, 0x0000, 0x0000, 0x0000, 0x0000, 0x0000, 0x0000, 0x0000, 0x0000, 0x0001, 0x0005, 0x000C, 0x0019, 0x001F,   // 0x0010 (16) pixels
    0x081F, 0x001F, 0x081F, 0x001F, 0x081F, 0x001F, 0x081F, 0x001F, 0x081F, 0x001F, 0x081F, 0x001F, 0x081F, 0x001F, 0x081F, 0x001F,   // 0x0020 (32) pixels
    0x081F, 0x001F, 0x081F, 0x001F, 0x081F, 0x001F, 0x081F, 0x001F, 0x081F, 0x001F, 0x081F, 0x001F, 0x081F, 0x001F, 0x081F, 0x001F,   // 0x0030 (48) pixels
    0x081F, 0x001F, 0x081F, 0x001F, 0x081F, 0x001F, 0x081F, 0x001F, 0x081F, 0x001F, 0x081F, 0x001F, 0x081F, 0x001F, 0x081F, 0x001F,   // 0x0040 (64) pixels
    0x0000, 0x0000, 0x0000, 0x0000, 0x0000, 0x0000, 0x0000, 0x0000, 0x0000, 0x0000, 0x0000, 0x0000, 0x0000, 0x0000, 0x0000, 0x0000,   // 0x0050 (80) pixels
    0x0002, 0x000A, 0x0017, 0x001F, 0x001F, 0x001F, 0x001F, 0x001F, 0x001F, 0x001F, 0x001F, 0x001F, 0x001F, 0x001F, 0x001F, 0x001F,   // 0x0060 (96) pixels
    0x001F, 0x001F, 0x001F, 0x001F, 0x001F, 0xFFFF, 0x001F, 0x001F, 0x001F, 0x001F, 0x001F, 0xFFFF, 0x001F, 0x001F, 0x001F, 0x001F,   // 0x0070 (112) pixels
    0x001F, 0x001F, 0x001F, 0x001F, 0x001F, 0x001F, 0x001F, 0x001F, 0x001F, 0x001F, 0x001F, 0x001F, 0x001F, 0x001F, 0x001F, 0x001F,   // 0x0080 (128) pixels
    0x0000, 0x0000, 0x0000, 0x0000, 0x0000, 0x0000, 0x0000, 0x0000, 0x0000, 0x0000, 0x0000, 0x0000, 0x0000, 0x0000, 0x0000, 0x0000,   // 0x0090 (144) pixels
    0x0000, 0x0000, 0x0000, 0x0000, 0x0004, 0x000D, 0x081F, 0x001F, 0x001F, 0x001F, 0x081F, 0x001F, 0x001F, 0x001F, 0x081F, 0x001F,   // 0x00A0 (160) pixels
    0x001F, 0x001F, 0x081F, 0x001F, 0x001F, 0xFFFF, 0x081F, 0x001F, 0x001F, 0x001F, 0xFFFF, 0xFFFF, 0xFFFF, 0x001F, 0x081F, 0x001F,   // 0x00B0 (176) pixels
    0x001F, 0x001F, 0x081F, 0x001F, 0x001F, 0x001F, 0x081F, 0x001F, 0x001F, 0x001F, 0x081F, 0x001F, 0x001F, 0x001F, 0x081F, 0x001F,   // 0x00C0 (192) pixels
    0x0000, 0x0000, 0x0000, 0x0000, 0x0000, 0x0000, 0x0000, 0x0000, 0x0000, 0x0000, 0x0000, 0x0000, 0x0000, 0x0000, 0x0000, 0x0000,   // 0x00D0 (208) pixels
    0x0000, 0x0000, 0x0000, 0x0000, 0x0000, 0x0000, 0x0000, 0x0002, 0x0008, 0x0019, 0x001F, 0x001F, 0x001F, 0x001F, 0x001F, 0x001F,   // 0x00E0 (224) pixels
    0x001F, 0x001F, 0x001F, 0x001F, 0x001F, 0xFFFF, 0x001F, 0x001F, 0x001F, 0xFFFF, 0x001F, 0xFFFF, 0x001F, 0xFFFF, 0x001F, 0x001F,   // 0x00F0 (240) pixels
    0x001F, 0xF800, 0xF800, 0x001F, 0x001F, 0x001F, 0x001F, 0x001F, 0x001F, 0x001F, 0x001F, 0x001F, 0x001F, 0x001F, 0x001F, 0x001F,   // 0x0100 (256) pixels
    0x0000, 0x0000, 0x0000, 0x0000, 0x0000, 0x0000, 0x0000, 0x0000, 0x0000, 0x0000, 0x0000, 0x0000, 0x0000, 0x0000, 0x0000, 0x0000,   // 0x0110 (272) pixels
    0x0000, 0x0000, 0x0000, 0x0000, 0x0000, 0x0000, 0x0000, 0x0000, 0x0000, 0x0000, 0x0001, 0x0007, 0x0818, 0x001F, 0x081F, 0x001F,   // 0x0120 (288) pixels
    0x081F, 0x001F, 0x081F, 0xFFFF, 0x081F, 0xFFFF, 0x081F, 0xFFFF, 0x081F, 0x001F, 0x081F, 0xFFFF, 0x081F, 0x001F, 0x081F, 0x001F,   // 0x0130 (304) pixels
    0xF800, 0xF800, 0xF800, 0xF800, 0x081F, 0x001F, 0x0000, 0x0000, 0x0000, 0x0000, 0x081F, 0x001F, 0x081F, 0x001F, 0x081F, 0x001F,   // 0x0140 (320) pixels
    0x0000, 0xFFFF, 0x0000, 0x0000, 0x0000, 0xFFFF, 0x0000, 0x0000, 0x0000, 0x0000, 0x0000, 0x0000, 0x0000, 0x0000, 0x0000, 0x0000,   // 0x0150 (336) pixels
    0x0000, 0x0000, 0x0000, 0x0000, 0x0000, 0x0000, 0x0000, 0x0000, 0x0000, 0x0000, 0x0000, 0x0000, 0x0000, 0x0001, 0x0009, 0x001D,   // 0x0160 (352) pixels
    0x001F, 0x001F, 0x001F, 0x001F, 0xFFFF, 0xFFFF, 0xFFFF, 0x001F, 0x001F, 0x001F, 0x001F, 0xFFFF, 0x001F, 0x001F, 0x001F, 0xF800,   // 0x0170 (368) pixels
    0xF800, 0xFFFF, 0xFFFF, 0xF800, 0xF800, 0x001F, 0x0000, 0xFFFF, 0xFFFF, 0x0000, 0x001F, 0x001F, 0x001F, 0x001F, 0x001F, 0x001F,   // 0x0180 (384) pixels
    0x0000, 0xFFFF, 0xFFFF, 0x0000, 0xFFFF, 0xFFFF, 0x0000, 0x0000, 0x0000, 0x0000, 0x0000, 0x0000, 0x0000, 0x0000, 0x0000, 0x0000,   // 0x0190 (400) pixels
    0x0000, 0x0000, 0x0000, 0x0000, 0x0000, 0x0000, 0x0000, 0x0000, 0x0000, 0x0000, 0x0000, 0x0000, 0x0000, 0x0000, 0x0000, 0x0000,   // 0x01A0 (416) pixels
    0x0000, 0x0009, 0x081D, 0x001F, 0x001F, 0xFFFF, 0x081F, 0x001F, 0x001F, 0x001F, 0x081F, 0xFFFF, 0x001F, 0x001F, 0xF800, 0xF800,   // 0x01B0 (432) pixels
    0xFFFF, 0xFFFF, 0xFFFF, 0xFFFF, 0xF800, 0xF800, 0x0000, 0xFFFF, 0xFFFF, 0x0000, 0x081F, 0x001F, 0x001F, 0x001F, 0x081F, 0x001F,   // 0x01C0 (448) pixels
    0x0000, 0xFFFF, 0x0000, 0xFFFF, 0x0000, 0xFFFF, 0x0000, 0x0000, 0xFFFF, 0xFFFF, 0x0000, 0x0000, 0x0000, 0xFFFF, 0xFFFF, 0x0000,   // 0x01D0 (464) pixels
    0xFFFF, 0x0000, 0x0000, 0xFFFF, 0x0000, 0x0000, 0xFFFF, 0xFFFF, 0x0000, 0x0000, 0xFFFF, 0xFFFF, 0x0000, 0x0000, 0x0000, 0xFFFF,   // 0x01E0 (480) pixels
    0xFFFF, 0x0000, 0x0000, 0x0007, 0x001A, 0x001F, 0x001F, 0x001F, 0x001F, 0x001F, 0x001F, 0x001F, 0x001F, 0xF800, 0xF800, 0xFFFF,   // 0x01F0 (496) pixels
    0xFFFF, 0xFFFF, 0xFFFF, 0xFFFF, 0xFFFF, 0xF800, 0xF800, 0xFFFF, 0xFFFF, 0x0000, 0x001F, 0x001F, 0x001F, 0x001F, 0x001F, 0x001F,   // 0x0200 (512) pixels
    0x0000, 0xFFFF, 0x0000, 0x0000, 0x0000, 0xFFFF, 0x0000, 0xFFFF, 0x0000, 0x0000, 0xFFFF, 0x0000, 0xFFFF, 0x0000, 0x0000, 0x0000,   // 0x0210 (528) pixels
    0xFFFF, 0x0000, 0x0000, 0xFFFF, 0x0000, 0xFFFF, 0x0000, 0x0000, 0x0000, 0xFFFF, 0x0000, 0x0000, 0xFFFF, 0x0000, 0xFFFF, 0x0000,   // 0x0220 (544) pixels
    0x0000, 0x0000, 0x0000, 0x0000, 0x0000, 0x0003, 0x0012, 0x001F, 0x081F, 0x001F, 0x081F, 0x001F, 0xF800, 0xF800, 0xFFFF, 0xFFFF,   // 0x0230 (560) pixels
    0xFFFF, 0xFFFF, 0xFFFF, 0xFFFF, 0xFFFF, 0xFFFF, 0xF800, 0xF800, 0xFFFF, 0x0000, 0x081F, 0x001F, 0x081F, 0x001F, 0x081F, 0x001F,   // 0x0240 (576) pixels
    0x0000, 0xFFFF, 0x0000, 0x0000, 0x0000, 0xFFFF, 0x0000, 0xFFFF, 0xFFFF, 0xFFFF, 0xFFFF, 0x0000, 0x0000, 0xFFFF, 0x0000, 0x0000,   // 0x0250 (592) pixels
    0xFFFF, 0x0000, 0x0000, 0xFFFF, 0x0000, 0xFFFF, 0x0000, 0x0000, 0x0000, 0xFFFF, 0xFFFF, 0xFFFF, 0xFFFF, 0x0000, 0x0000, 0xFFFF,   // 0x0260 (608) pixels
    0x0000, 0x0000, 0x0000, 0x0000, 0x0000, 0x0000, 0x0000, 0x0001, 0x000D, 0x001F, 0x001F, 0xF800, 0xF800, 0xFFFF, 0xFFFF, 0xFFFF,   // 0x0270 (624) pixels
    0xFFFF, 0x0000, 0x0000, 0xFFFF, 0xFFFF, 0xFFFF, 0xFFFF, 0xF800, 0xF800, 0x0000, 0x001F, 0x001F, 0x001F, 0x001F, 0x001F, 0x001F,   // 0x0280 (640) pixels
    0x0000, 0xFFFF, 0x0000, 0x0000, 0x0000, 0xFFFF, 0x0000, 0xFFFF, 0x0000, 0x0000, 0x0000, 0x0000, 0x0000, 0x0000, 0xFFFF, 0x0000,   // 0x0290 (656) pixels
    0xFFFF, 0x0000, 0xFFFF, 0xFFFF, 0x0000, 0xFFFF, 0x0000, 0x0000, 0x0000, 0xFFFF, 0x0000, 0x0000, 0x0000, 0x0000, 0x0000, 0x0000,   // 0x02A0 (672) pixels
    0xFFFF, 0x0000, 0x0000, 0x0000, 0x0000, 0x0000, 0x0000, 0x0000, 0x0000, 0x0000, 0xF800, 0xF800, 0xFFFF, 0xFFFF, 0xFFFF, 0xFFFF,   // 0x02B0 (688) pixels
    0x0000, 0x001F, 0x081F, 0x0000, 0xFFFF, 0xFFFF, 0xFFFF, 0xFFFF, 0xF800, 0xF800, 0x081F, 0x001F, 0x001F, 0x001F, 0x081F, 0x001F,   // 0x02C0 (704) pixels
    0x0000, 0xFFFF, 0x0000, 0x0000, 0x0000, 0xFFFF, 0x0000, 0x0000, 0xFFFF, 0xFFFF, 0xFFFF, 0x0000, 0xFFFF, 0xFFFF, 0x0000, 0x0000,   // 0x02D0 (720) pixels
    0xFFFF, 0xFFFF, 0x0000, 0xFFFF, 0x0000, 0xFFFF, 0x0000, 0x0000, 0x0000, 0x0000, 0xFFFF, 0xFFFF, 0xFFFF, 0x0000, 0xFFFF, 0xFFFF,   // 0x02E0 (736) pixels
    0x0000, 0x0000, 0x0000, 0x0000, 0x0000, 0x0000, 0x0000, 0x0000, 0x0000, 0xF800, 0xF800, 0xFFFF, 0xFFFF, 0xFFFF, 0xFFFF, 0xFFFF,   // 0x02F0 (752) pixels
    0x0000, 0x001F, 0x001F, 0x0000, 0xFFFF, 0xFFFF, 0xFFFF, 0xFFFF, 0xFFFF, 0xF800, 0xF800, 0x001F, 0x001F, 0x001F, 0x001F, 0x001F,   // 0x0300 (768) pixels
    0x0000, 0x0000, 0x0000, 0x0000, 0x0000, 0x0000, 0x0000, 0x0000, 0x0000, 0x0000, 0x0000, 0x0000, 0x0000, 0x0000, 0x0000, 0x0000,   // 0x0310 (784) pixels
    0x0000, 0x0000, 0x0000, 0x0000, 0x0000, 0x0000, 0x0000, 0x0000, 0x0000, 0x0000, 0x0000, 0x0000, 0x0000, 0x0000, 0x0000, 0x0000,   // 0x0320 (800) pixels
    0x0000, 0x0000, 0x0000, 0x0000, 0x0000, 0x0000, 0x0000, 0x0000, 0xF800, 0xF800, 0xFFFF, 0xFFFF, 0xFFFF, 0xFFFF, 0xFFFF, 0xFFFF,   // 0x0330 (816) pixels
    0xFFFF, 0x0000, 0x0000, 0xFFFF, 0xFFFF, 0xFFFF, 0xFFFF, 0xFFFF, 0xFFFF, 0xFFFF, 0xF800, 0xF800, 0x081F, 0x001F, 0x081F, 0x001F,   // 0x0340 (832) pixels
    0x0000, 0x0000, 0x0000, 0x0000, 0x0000, 0x0000, 0x0000, 0x0000, 0x0000, 0x0000, 0x0000, 0x0000, 0x0000, 0x0000, 0x0000, 0x0000,   // 0x0350 (848) pixels
    0x0000, 0x0000, 0x0000, 0x0000, 0x0000, 0x0000, 0x0000, 0x0000, 0x0000, 0x0000, 0x0000, 0x0000, 0x0000, 0x0000, 0x0000, 0x0000,   // 0x0360 (864) pixels
    0x0000, 0x0000, 0x0000, 0x0000, 0x0000, 0x0000, 0x0000, 0xF800, 0xF800, 0xFFFF, 0xFFFF, 0xFFFF, 0xFFFF, 0xFFFF, 0xFFFF, 0xFFFF,   // 0x0370 (880) pixels
    0xFFFF, 0xFFFF, 0xFFFF, 0xFFFF, 0xFFFF, 0xFFFF, 0xFFFF, 0xFFFF, 0xFFFF, 0xFFFF, 0xFFFF, 0xF800, 0xF800, 0x001F, 0x001F, 0x001F,   // 0x0380 (896) pixels
    0x0000, 0x0000, 0x0000, 0x0000, 0x0000, 0x0000, 0x0000, 0x0000, 0x0000, 0x0000, 0x0000, 0xFFFF, 0x0000, 0x0000, 0xFFFF, 0x0000,   // 0x0390 (912) pixels
    0x0000, 0x0000, 0x0000, 0x0000, 0x0000, 0xFFFF, 0x0000, 0x0000, 0x0000, 0x0000, 0x0000, 0x0000, 0x0000, 0x0000, 0x0000, 0x0000,   // 0x03A0 (928) pixels
    0x0000, 0x0000, 0x0000, 0x0000, 0x0000, 0x0000, 0xF800, 0xF800, 0xFFFF, 0xFFFF, 0xFFFF, 0xFFFF, 0xFFFF, 0xFFFF, 0xFFFF, 0xFFFF,   // 0x03B0 (944) pixels
    0xFFFF, 0xFFFF, 0xFFFF, 0xFFFF, 0xFFFF, 0xFFFF, 0xFFFF, 0xFFFF, 0xFFFF, 0xFFFF, 0xFFFF, 0xFFFF, 0xF800, 0xF800, 0x081F, 0x001F,   // 0x03C0 (960) pixels
    0x0000, 0x0000, 0x0000, 0x0000, 0x0000, 0x0000, 0x0000, 0x0000, 0x0000, 0x0000, 0x0000, 0xFFFF, 0x0000, 0xFFFF, 0x0000, 0x0000,   // 0x03D0 (976) pixels
    0x0000, 0x0000, 0x0000, 0x0000, 0x0000, 0x0000, 0x0000, 0x0000, 0x0000, 0x0000, 0x0000, 0x0000, 0x0000, 0x0000, 0x0000, 0x0000,   // 0x03E0 (992) pixels
    0x0000, 0x0000, 0x0000, 0x0000, 0x0000, 0xF800, 0xF800, 0x0000, 0xFFFF, 0xFFFF, 0xFFFF, 0xFFFF, 0xFFFF, 0xFFFF, 0xFFFF, 0xFFFF,   // 0x03F0 (1008) pixels
    0xFFFF, 0xFFFF, 0xFFFF, 0xFFFF, 0xFFFF, 0xFFFF, 0xFFFF, 0xFFFF, 0xFFFF, 0xFFFF, 0xFFFF, 0xFFFF, 0x0000, 0xF800, 0xF800, 0x001F,   // 0x0400 (1024) pixels
    0x0000, 0x0000, 0x0000, 0x0000, 0x0000, 0x0000, 0x0000, 0x0000, 0x0000, 0x0000, 0x0000, 0xFFFF, 0x0000, 0x0000, 0x0000, 0x0000,   // 0x0410 (1040) pixels
    0xFFFF, 0xFFFF, 0xFFFF, 0x0000, 0x0000, 0xFFFF, 0x0000, 0x0000, 0xFFFF, 0xFFFF, 0x0000, 0x0000, 0x0000, 0x0000, 0x0000, 0x0000,   // 0x0420 (1056) pixels
    0x0000, 0x0000, 0x0000, 0x0000, 0x0000, 0x0000, 0x0000, 0x0000, 0xFFFF, 0xFFFF, 0xFFFF, 0xFFFF, 0xFFFF, 0xFFFF, 0xFFFF, 0xFFFF,   // 0x0430 (1072) pixels
    0xFFFF, 0xFFFF, 0xFFFF, 0xFFFF, 0xFFFF, 0xFFFF, 0xFFFF, 0xFFFF, 0xFFFF, 0xFFFF, 0xFFFF, 0xFFFF, 0x0000, 0x001F, 0x081F, 0x001F,   // 0x0440 (1088) pixels
    0x0000, 0x0000, 0x0000, 0x0000, 0x0000, 0x0000, 0x0000, 0x0000, 0x0000, 0xFFFF, 0xFFFF, 0xFFFF, 0x0000, 0x0000, 0x0000, 0x0000,   // 0x0450 (1104) pixels
    0x0000, 0x0000, 0x0000, 0xFFFF, 0x0000, 0xFFFF, 0x0000, 0xFFFF, 0x0000, 0x0000, 0x0000, 0x0000, 0x0000, 0x0000, 0x0000, 0x0000,   // 0x0460 (1120) pixels
    0x0000, 0x0000, 0x0000, 0x0000, 0x0000, 0x0000, 0x0000, 0x0000, 0xFFFF, 0xFFFF, 0xFFFF, 0xFFFF, 0xFFFF, 0xFFFF, 0xFFFF, 0xFFFF,   // 0x0470 (1136) pixels
    0xFFFF, 0xFFFF, 0xFFFF, 0xFFFF, 0xFFFF, 0xFFFF, 0xFFFF, 0xFFFF, 0xFFFF, 0xFFFF, 0xFFFF, 0xFFFF, 0x0000, 0x001F, 0x001F, 0x001F,   // 0x0480 (1152) pixels
    0x0000, 0x0000, 0x0000, 0x0000, 0x0000, 0x0000, 0x0000, 0x0000, 0xFFFF, 0x0000, 0x0000, 0xFFFF, 0x0000, 0x0000, 0x0000, 0x0000,   // 0x0490 (1168) pixels
    0xFFFF, 0xFFFF, 0xFFFF, 0xFFFF, 0x0000, 0xFFFF, 0x0000, 0xFFFF, 0x0000, 0x0000, 0x0000, 0x0000, 0x0000, 0x0000, 0x0000, 0x0000,   // 0x04A0 (1184) pixels
    0x0000, 0x0000, 0x0000, 0x0000, 0x0000, 0x0000, 0x0000, 0x0000, 0xFFFF, 0xFFFF, 0xFFFF, 0xFFFF, 0xFFFF, 0xFFFF, 0xFFFF, 0xFFFF,   // 0x04B0 (1200) pixels
    0xFFFF, 0xFFFF, 0xFFFF, 0xFFFF, 0xFFFF, 0xFFFF, 0xFFFF, 0xFFFF, 0xFFFF, 0xFFFF, 0xFFFF, 0xFFFF, 0x0000, 0x001F, 0x081F, 0x001F,   // 0x04C0 (1216) pixels
    0x0000, 0x0000, 0x0000, 0x0000, 0x0000, 0x0000, 0x0000, 0x0000, 0xFFFF, 0x0000, 0x0000, 0xFFFF, 0x0000, 0x0000, 0x0000, 0x0000,   // 0x04D0 (1232) pixels
    0xFFFF, 0x0000, 0x0000, 0xFFFF, 0x0000, 0xFFFF, 0x0000, 0xFFFF, 0x0000, 0x0000, 0x0000, 0x0000, 0x0000, 0x0000, 0x0000, 0x0000,   // 0x04E0 (1248) pixels
    0x0000, 0x0000, 0x0000, 0x0000, 0x0000, 0x0000, 0x0000, 0x0000, 0xFFFF, 0xFFFF, 0xFFFF, 0xFFFF, 0xFFFF, 0xFFFF, 0xFFFF, 0xFFFF,   // 0x04F0 (1264) pixels
    0xFFFF, 0xFFFF, 0xFFFF, 0xFFFF, 0xFFFF, 0xFFFF, 0xFFFF, 0xFFFF, 0xFFFF, 0xFFFF, 0xFFFF, 0xFFFF, 0x0000, 0x001F, 0x001F, 0x001F,   // 0x0500 (1280) pixels
    0x0000, 0x0000, 0x0000, 0x0000, 0x0000, 0x0000, 0x0000, 0x0000, 0x0000, 0xFFFF, 0xFFFF, 0x0000, 0x0000, 0x0000, 0x0000, 0x0000,   // 0x0510 (1296) pixels
    0x0000, 0xFFFF, 0xFFFF, 0x0000, 0x0000, 0xFFFF, 0x0000, 0xFFFF, 0x0000, 0x0000, 0x0000, 0x0000, 0x0000, 0x0000, 0x0000, 0x0000,   // 0x0520 (1312) pixels
    0x0000, 0x0000, 0x0000, 0x0000, 0x0000, 0x0000, 0x0000, 0x0000, 0xFFFF, 0xFFFF, 0xFFFF, 0xFFFF, 0xFFFF, 0xFFFF, 0xFFFF, 0xFFFF,   // 0x0530 (1328) pixels
    0xFFFF, 0xFFFF, 0xFFFF, 0xFFFF, 0xFFFF, 0xFFFF, 0xFFFF, 0xFFFF, 0xFFFF, 0xFFFF, 0xFFFF, 0xFFFF, 0x0000, 0x001F, 0x081F, 0x001F,   // 0x0540 (1344) pixels
    0x0000, 0x0000, 0x0000, 0x0000, 0x0000, 0x0000, 0x0000, 0x0000, 0x0000, 0x0000, 0x0000, 0x0000, 0x0000, 0x0000, 0x0000, 0x0000,   // 0x0550 (1360) pixels
    0x0000, 0x0000, 0x0000, 0x0000, 0x0000, 0x0000, 0x0000, 0x0000, 0x0000, 0x0000, 0x0000, 0x0000, 0x0000, 0x0000, 0x0000, 0x0000,   // 0x0560 (1376) pixels
    0x0000, 0x0000, 0x0000, 0x0000, 0x0000, 0x0000, 0x0000, 0x0000, 0xFFFF, 0xFFFF, 0xFFFF, 0xFFFF, 0xFFFF, 0xFFFF, 0xFFFF, 0xFFFF,   // 0x0570 (1392) pixels
    0xFFFF, 0xFFFF, 0xFFFF, 0xFFFF, 0xFFFF, 0xFFFF, 0xFFFF, 0xFFFF, 0xFFFF, 0xFFFF, 0xFFFF, 0xFFFF, 0x0000, 0x001F, 0x001F, 0x001F,   // 0x0580 (1408) pixels
    0x0000, 0x0000, 0x0000, 0x0000, 0x0000, 0x0000, 0x0000, 0x0000, 0x0000, 0x0000, 0x0000, 0x0000, 0x0000, 0xFFFF, 0x0000, 0x0000,   // 0x0590 (1424) pixels
    0x0000, 0x0000, 0x0000, 0x0000, 0x0000, 0x0000, 0x0000, 0x0000, 0x0000, 0x0000, 0x0000, 0x0000, 0x0000, 0x0000, 0x0000, 0x0000,   // 0x05A0 (1440) pixels
    0x0000, 0x0000, 0x0000, 0x0000, 0x0000, 0x0000, 0x0000, 0x0000, 0xFFFF, 0xFFFF, 0xFFFF, 0xFFFF, 0xFFFF, 0xFFFF, 0xFFFF, 0xFFFF,   // 0x05B0 (1456) pixels
    0x0000, 0x0000, 0x0000, 0x0000, 0xFFFF, 0xFFFF, 0xFFFF, 0xFFFF, 0x0000, 0xFFFF, 0xFFFF, 0xFFFF, 0x0000, 0x0003, 0x081F, 0x001F,   // 0x05C0 (1472) pixels
    0xFFFF, 0x0000, 0x0000, 0x0000, 0x0000, 0x0000, 0x0000, 0x0000, 0x0000, 0x0000, 0x0000, 0x0000, 0xFFFF, 0x0000, 0x0000, 0x0000,   // 0x05D0 (1488) pixels
    0x0000, 0x0000, 0x0000, 0x0000, 0xFFFF, 0x0000, 0x0000, 0x0000, 0x0000, 0x0000, 0x0000, 0x0000, 0x0000, 0x0000, 0x0000, 0x0000,   // 0x05E0 (1504) pixels
    0x0000, 0x0000, 0x0000, 0x0000, 0x0000, 0x0000, 0x0000, 0x0000, 0xFFFF, 0xFFFF, 0xFFFF, 0xFFFF, 0xFFFF, 0xFFFF, 0xFFFF, 0xFFFF,   // 0x05F0 (1520) pixels
    0x0000, 0xFFFF, 0xFFFF, 0x0000, 0xFFFF, 0xFFFF, 0xFFFF, 0x0000, 0xFFFF, 0x0000, 0xFFFF, 0xFFFF, 0x0000, 0x0000, 0x0001, 0x0018,   // 0x0600 (1536) pixels
    0x0000, 0x0000, 0x0000, 0x0000, 0x0000, 0x0000, 0x0000, 0xFFFF, 0x0000, 0x0000, 0x0000, 0x0000, 0x0000, 0x0000, 0x0000, 0x0000,   // 0x0610 (1552) pixels
    0x0000, 0x0000, 0x0000, 0x0000, 0x0000, 0x0000, 0x0000, 0x0000, 0x0000, 0x0000, 0x0000, 0x0000, 0x0000, 0x0000, 0x0000, 0x0000,   // 0x0620 (1568) pixels
    0x0000, 0x0000, 0x0000, 0x0000, 0x0000, 0x0000, 0x0000, 0x0000, 0xFFFF, 0xFFFF, 0xFFFF, 0xFFFF, 0xFFFF, 0xFFFF, 0xFFFF, 0xFFFF,   // 0x0630 (1584) pixels
    0x0000, 0xFFFF, 0xFFFF, 0x0000, 0xFFFF, 0xFFFF, 0xFFFF, 0xFFFF, 0x0000, 0xFFFF, 0xFFFF, 0xFFFF, 0x0000, 0x0000, 0x0000, 0x0000,   // 0x0640 (1600) pixels
    0xFFFF, 0x0000, 0xFFFF, 0xFFFF, 0xFFFF, 0x0000, 0x0000, 0xFFFF, 0x0000, 0x0000, 0x0000, 0x0000, 0xFFFF, 0xFFFF, 0x0000, 0x0000,   // 0x0650 (1616) pixels
    0x0000, 0xFFFF, 0xFFFF, 0x0000, 0xFFFF, 0x0000, 0x0000, 0xFFFF, 0xFFFF, 0x0000, 0x0000, 0xFFFF, 0x0000, 0x0000, 0xFFFF, 0x0000,   // 0x0660 (1632) pixels
    0x0000, 0xFFFF, 0xFFFF, 0x0000, 0x0000, 0x0000, 0x0000, 0x0000, 0xFFFF, 0xFFFF, 0xFFFF, 0xFFFF, 0xFFFF, 0xFFFF, 0xFFFF, 0xFFFF,   // 0x0670 (1648) pixels
    0x0000, 0xFFFF, 0xFFFF, 0x0000, 0xFFFF, 0xFFFF, 0xFFFF, 0x0000, 0x0000, 0x0000, 0xFFFF, 0xFFFF, 0x0000, 0x0000, 0x0000, 0x0000,   // 0x0680 (1664) pixels
    0xFFFF, 0x0000, 0xFFFF, 0x0000, 0x0000, 0xFFFF, 0x0000, 0xFFFF, 0xFFFF, 0xFFFF, 0x0000, 0xFFFF, 0x0000, 0x0000, 0xFFFF, 0x0000,   // 0x0690 (1680) pixels
    0xFFFF, 0x0000, 0x0000, 0x0000, 0xFFFF, 0x0000, 0xFFFF, 0x0000, 0x0000, 0xFFFF, 0x0000, 0xFFFF, 0x0000, 0x0000, 0xFFFF, 0x0000,   // 0x06A0 (1696) pixels
    0xFFFF, 0x0000, 0x0000, 0x0000, 0x0000, 0x0000, 0x0000, 0x0000, 0xFFFF, 0xFFFF, 0xFFFF, 0xFFFF, 0xFFFF, 0xFFFF, 0xFFFF, 0xFFFF,   // 0x06B0 (1712) pixels
    0x0000, 0xFFFF, 0xFFFF, 0x0000, 0xFFFF, 0xFFFF, 0xFFFF, 0xFFFF, 0x0000, 0xFFFF, 0xFFFF, 0xFFFF, 0x0000, 0x0000, 0x0000, 0x0000,   // 0x06C0 (1728) pixels
    0xFFFF, 0x0000, 0xFFFF, 0x0000, 0x0000, 0xFFFF, 0x0000, 0xFFFF, 0x0000, 0x0000, 0x0000, 0xFFFF, 0xFFFF, 0xFFFF, 0xFFFF, 0x0000,   // 0x06D0 (1744) pixels
    0xFFFF, 0x0000, 0x0000, 0x0000, 0xFFFF, 0x0000, 0xFFFF, 0xFFFF, 0xFFFF, 0xFFFF, 0x0000, 0xFFFF, 0x0000, 0x0000, 0xFFFF, 0x0000,   // 0x06E0 (1760) pixels
    0xFFFF, 0x0000, 0x0000, 0x0000, 0x0000, 0x0000, 0x0000, 0x0000, 0xFFFF, 0xFFFF, 0xFFFF, 0xFFFF, 0xFFFF, 0xFFFF, 0xFFFF, 0xFFFF,   // 0x06F0 (1776) pixels
    0x0000, 0xFFFF, 0xFFFF, 0x0000, 0xFFFF, 0xFFFF, 0xFFFF, 0x0000, 0x0000, 0x0000, 0xFFFF, 0xFFFF, 0x0000, 0x0000, 0x0000, 0x0000,   // 0x0700 (1792) pixels
    0xFFFF, 0x0000, 0xFFFF, 0x0000, 0x0000, 0xFFFF, 0x0000, 0xFFFF, 0x0000, 0x0000, 0x0000, 0xFFFF, 0x0000, 0x0000, 0x0000, 0x0000,   // 0x0710 (1808) pixels
    0xFFFF, 0x0000, 0x0000, 0x0000, 0xFFFF, 0x0000, 0xFFFF, 0x0000, 0x0000, 0x0000, 0x0000, 0xFFFF, 0x0000, 0xFFFF, 0xFFFF, 0x0000,   // 0x0720 (1824) pixels
    0xFFFF, 0x0000, 0x0000, 0x0000, 0x0000, 0x0000, 0x0000, 0x0000, 0xFFFF, 0xFFFF, 0xFFFF, 0xFFFF, 0xFFFF, 0xFFFF, 0xFFFF, 0xFFFF,   // 0x0730 (1840) pixels
    0x0000, 0xFFFF, 0xFFFF, 0x0000, 0xFFFF, 0xFFFF, 0xFFFF, 0x0000, 0xFFFF, 0x0000, 0xFFFF, 0xFFFF, 0x0000, 0x0000, 0x0000, 0x0000,   // 0x0740 (1856) pixels
    0xFFFF, 0x0000, 0xFFFF, 0x0000, 0x0000, 0xFFFF, 0x0000, 0x0000, 0xFFFF, 0xFFFF, 0x0000, 0x0000, 0xFFFF, 0xFFFF, 0xFFFF, 0x0000,   // 0x0750 (1872) pixels
    0xFFFF, 0x0000, 0x0000, 0x0000, 0xFFFF, 0x0000, 0x0000, 0xFFFF, 0xFFFF, 0xFFFF, 0x0000, 0xFFFF, 0xFFFF, 0x0000, 0xFFFF, 0x0000,   // 0x0760 (1888) pixels
    0xFFFF, 0x0000, 0x0000, 0x0000, 0x0000, 0x0000, 0x0000, 0x0000, 0xFFFF, 0xFFFF, 0xFFFF, 0xFFFF, 0xFFFF, 0xFFFF, 0xFFFF, 0xFFFF,   // 0x0770 (1904) pixels
    0x0000, 0xFFFF, 0xFFFF, 0x0000, 0xFFFF, 0xFFFF, 0xFFFF, 0x0000, 0xFFFF, 0x0000, 0xFFFF, 0xFFFF, 0x0000, 0x0000, 0x0000, 0x0000,   // 0x0780 (1920) pixels
    0x0000, 0x0000, 0x0000, 0x0000, 0x0000, 0x0000, 0x0000, 0x0000, 0x0000, 0x0000, 0x0000, 0x0000, 0x0000, 0x0000, 0x0000, 0x0000,   // 0x0790 (1936) pixels
    0x0000, 0x0000, 0x0000, 0x0000, 0x0000, 0x0000, 0x0000, 0x0000, 0x0000, 0x0000, 0x0000, 0x0000, 0x0000, 0x0000, 0x0000, 0x0000,   // 0x07A0 (1952) pixels
    0x0000, 0x0000, 0x0000, 0x0000, 0x0000, 0x0000, 0x0000, 0x0000, 0x0000, 0x0000, 0x0000, 0x0000, 0x0000, 0x0000, 0x0000, 0x0000,   // 0x07B0 (1968) pixels
    0x0000, 0x0000, 0x0000, 0x0000, 0x0000, 0x0000, 0x0000, 0x0000, 0x0000, 0x0000, 0x0000, 0x0000, 0x0000, 0x0000, 0x0000, 0x0000,   // 0x07C0 (1984) pixels
    0x0000, 0x0000, 0x0000, 0x0000, 0x0000, 0x0000, 0x0000, 0x0000, 0x0000, 0x0000, 0x0000, 0x0000, 0x0000, 0x0000, 0x0000, 0x0000,   // 0x07D0 (2000) pixels
    0x0000, 0x0000, 0x0000, 0x0000, 0x0000, 0x0000, 0x0000, 0x0000, 0x0000, 0x0000, 0x0000, 0x0000, 0x0000, 0x0000, 0x0000, 0x0000,   // 0x07E0 (2016) pixels
    0x0000, 0x0000, 0x0000, 0x0000, 0x0000, 0x0000, 0x0000, 0x0000, 0x0000, 0x0000, 0x0000, 0x0000, 0x0000, 0x0000, 0x0000, 0x0000,   // 0x07F0 (2032) pixels
    0x0000, 0x0000, 0x0000, 0x0000, 0x0000, 0x0000, 0x0000, 0x0000, 0x0000, 0x0000, 0x0000, 0x0000, 0x0000, 0x0000, 0x0000, 0x0000,   // 0x0800 (2048) pixels
};

static const uint16_t interieur_lora[] = {
    0x0000, 0x0000, 0x0000, 0x0000, 0x0000, 0x0000, 0x0000, 0x0000, 0x0000, 0x0000, 0x0000, 0x0001, 0x0005, 0x000C, 0x0019, 0x001F,   // 0x0010 (16) pixels
    0x081F, 0x001F, 0x081F, 0x001F, 0x081F, 0x001F, 0x081F, 0x001F, 0x081F, 0x001F, 0x081F, 0x001F, 0x081F, 0x001F, 0x081F, 0x001F,   // 0x0020 (32) pixels
    0x081F, 0x001F, 0x081F, 0x001F, 0x081F, 0x001F, 0x081F, 0x001F, 0x081F, 0x001F, 0x081F, 0x001F, 0x081F, 0x001F, 0x081F, 0x001F,   // 0x0030 (48) pixels
    0x081F, 0x001F, 0x081F, 0x001F, 0x081F, 0x001F, 0x081F, 0x001F, 0x081F, 0x001F, 0x081F, 0x001F, 0x081F, 0x001F, 0x081F, 0x001F,   // 0x0040 (64) pixels
    0x0000, 0x0000, 0x0000, 0x0000, 0x0000, 0x0000, 0x0000, 0x0000, 0x0000, 0x0000, 0x0000, 0x0000, 0x0000, 0x0000, 0x0000, 0x0000,   // 0x0050 (80) pixels
    0x0002, 0x000A, 0x0017, 0x001F, 0x001F, 0x001F, 0x001F, 0x001F, 0x001F, 0x001F, 0x001F, 0x001F, 0x001F, 0x001F, 0x001F, 0x001F,   // 0x0060 (96) pixels
    0x001F, 0x001F, 0x001F, 0x001F, 0x001F, 0xFFE0, 0x001F, 0x001F, 0x001F, 0x001F, 0x001F, 0xFFE0, 0x001F, 0x001F, 0x001F, 0x001F,   // 0x0070 (112) pixels
    0x001F, 0x001F, 0x001F, 0x001F, 0x001F, 0x001F, 0x001F, 0x001F, 0x001F, 0x001F, 0x001F, 0x001F, 0x001F, 0x001F, 0x001F, 0x001F,   // 0x0080 (128) pixels
    0x0000, 0x0000, 0x0000, 0x0000, 0x0000, 0x0000, 0x0000, 0x0000, 0x0000, 0x0000, 0x0000, 0x0000, 0x0000, 0x0000, 0x0000, 0x0000,   // 0x0090 (144) pixels
    0x0000, 0x0000, 0x0000, 0x0000, 0x0004, 0x000D, 0x081F, 0x001F, 0x001F, 0x001F, 0x081F, 0x001F, 0x001F, 0x001F, 0x081F, 0x001F,   // 0x00A0 (160) pixels
    0x001F, 0x001F, 0x081F, 0x001F, 0x001F, 0xF7E0, 0x081F, 0x001F, 0x001F, 0x001F, 0xFFE0, 0xF7E0, 0xFFE0, 0x001F, 0x081F, 0x001F,   // 0x00B0 (176) pixels
    0x001F, 0x001F, 0x081F, 0x001F, 0x001F, 0x001F, 0x081F, 0x001F, 0x001F, 0x001F, 0x081F, 0x001F, 0x001F, 0x001F, 0x081F, 0x001F,   // 0x00C0 (192) pixels
    0x0000, 0x0000, 0x0000, 0x0000, 0x0000, 0x0000, 0x0000, 0x0000, 0x0000, 0x0000, 0x0000, 0x0000, 0x0000, 0x0000, 0x0000, 0x0000,   // 0x00D0 (208) pixels
    0x0000, 0x0000, 0x0000, 0x0000, 0x0000, 0x0000, 0x0000, 0x0002, 0x0008, 0x0019, 0x001F, 0x001F, 0x001F, 0x001F, 0x001F, 0x001F,   // 0x00E0 (224) pixels
    0x001F, 0x001F, 0x001F, 0x001F, 0x001F, 0xF7E0, 0x001F, 0x001F, 0x001F, 0xF7E0, 0x001F, 0xFFE0, 0x001F, 0xF7E0, 0x001F, 0x001F,   // 0x00F0 (240) pixels
    0x001F, 0xF800, 0xF800, 0x001F, 0x001F, 0x001F, 0x001F, 0x001F, 0x001F, 0x001F, 0x001F, 0x001F, 0x001F, 0x001F, 0x001F, 0x001F,   // 0x0100 (256) pixels
    0x0000, 0x0000, 0x0000, 0x0000, 0x0000, 0x0000, 0x0000, 0x0000, 0x0000, 0x0000, 0x0000, 0x0000, 0x0000, 0x0000, 0x0000, 0x0000,   // 0x0110 (272) pixels
    0x0000, 0x0000, 0x0000, 0x0000, 0x0000, 0x0000, 0x0000, 0x0000, 0x0000, 0x0000, 0x0001, 0x0007, 0x0818, 0x001F, 0x081F, 0x001F,   // 0x0120 (288) pixels
    0x081F, 0x001F, 0x081F, 0xF7E0, 0x081F, 0xF7E0, 0x081F, 0xF7E0, 0x081F, 0x001F, 0x081F, 0xF7E0, 0x081F, 0x001F, 0x081F, 0x001F,   // 0x0130 (304) pixels
    0xF800, 0xF800, 0xF800, 0xF800, 0x081F, 0x001F, 0x0000, 0x0000, 0x0000, 0x0000, 0x081F, 0x001F, 0x081F, 0x001F, 0x081F, 0x001F,   // 0x0140 (320) pixels
    0x0000, 0xFFFF, 0x0000, 0x0000, 0x0000, 0xFFFF, 0x0000, 0x0000, 0x0000, 0x0000, 0x0000, 0x0000, 0x0000, 0x0000, 0x0000, 0x0000,   // 0x0150 (336) pixels
    0x0000, 0x0000, 0x0000, 0x0000, 0x0000, 0x0000, 0x0000, 0x0000, 0x0000, 0x0000, 0x0000, 0x0000, 0x0000, 0x0001, 0x0009, 0x001D,   // 0x0160 (352) pixels
    0x001F, 0x001F, 0x001F, 0x001F, 0xF7E0, 0xFFE0, 0xF7E0, 0x001F, 0x001F, 0x001F, 0x001F, 0xFFE0, 0x001F, 0x001F, 0x001F, 0xF800,   // 0x0170 (368) pixels
    0xF800, 0xFFFF, 0xFFFF, 0xF800, 0xF800, 0x001F, 0x0000, 0xFFFF, 0xFFFF, 0x0000, 0x001F, 0x001F, 0x001F, 0x001F, 0x001F, 0x001F,   // 0x0180 (384) pixels
    0x0000, 0xFFFF, 0xFFFF, 0x0000, 0xFFFF, 0xFFFF, 0x0000, 0x0000, 0x0000, 0x0000, 0x0000, 0x0000, 0x0000, 0x0000, 0x0000, 0x0000,   // 0x0190 (400) pixels
    0x0000, 0x0000, 0x0000, 0x0000, 0x0000, 0x0000, 0x0000, 0x0000, 0x0000, 0x0000, 0x0000, 0x0000, 0x0000, 0x0000, 0x0000, 0x0000,   // 0x01A0 (416) pixels
    0x0000, 0x0009, 0x081D, 0x001F, 0x001F, 0xF7E0, 0x081F, 0x001F, 0x001F, 0x001F, 0x081F, 0xF7E0, 0x001F, 0x001F, 0xF800, 0xF800,   // 0x01B0 (432) pixels
    0xFFFF, 0xFFFF, 0xFFFF, 0xFFFF, 0xF800, 0xF800, 0x0000, 0xFFFF, 0xFFFF, 0x0000, 0x081F, 0x001F, 0x001F, 0x001F, 0x081F, 0x001F,   // 0x01C0 (448) pixels
    0x0000, 0xFFFF, 0x0000, 0xFFFF, 0x0000, 0xFFFF, 0x0000, 0x0000, 0xFFFF, 0xFFFF, 0x0000, 0x0000, 0x0000, 0xFFFF, 0xFFFF, 0x0000,   // 0x01D0 (464) pixels
    0xFFFF, 0x0000, 0x0000, 0xFFFF, 0x0000, 0x0000, 0xFFFF, 0xFFFF, 0x0000, 0x0000, 0xFFFF, 0xFFFF, 0x0000, 0x0000, 0x0000, 0xFFFF,   // 0x01E0 (480) pixels
    0xFFFF, 0x0000, 0x0000, 0x0007, 0x001A, 0x001F, 0x001F, 0x001F, 0x001F, 0x001F, 0x001F, 0x001F, 0x001F, 0xF800, 0xF800, 0xFFFF,   // 0x01F0 (496) pixels
    0xFFFF, 0xFFFF, 0xFFFF, 0xFFFF, 0xFFFF, 0xF800, 0xF800, 0xFFFF, 0xFFFF, 0x0000, 0x001F, 0x001F, 0x001F, 0x001F, 0x001F, 0x001F,   // 0x0200 (512) pixels
    0x0000, 0xFFFF, 0x0000, 0x0000, 0x0000, 0xFFFF, 0x0000, 0xFFFF, 0x0000, 0x0000, 0xFFFF, 0x0000, 0xFFFF, 0x0000, 0x0000, 0x0000,   // 0x0210 (528) pixels
    0xFFFF, 0x0000, 0x0000, 0xFFFF, 0x0000, 0xFFFF, 0x0000, 0x0000, 0x0000, 0xFFFF, 0x0000, 0x0000, 0xFFFF, 0x0000, 0xFFFF, 0x0000,   // 0x0220 (544) pixels
    0x0000, 0x0000, 0x0000, 0x0000, 0x0000, 0x0003, 0x0012, 0x001F, 0x081F, 0x001F, 0x081F, 0x001F, 0xF800, 0xF800, 0xFFFF, 0xFFFF,   // 0x0230 (560) pixels
    0xFFFF, 0xFFFF, 0xFFFF, 0xFFFF, 0xFFFF, 0xFFFF, 0xF800, 0xF800, 0xFFFF, 0x0000, 0x081F, 0x001F, 0x081F, 0x001F, 0x081F, 0x001F,   // 0x0240 (576) pixels
    0x0000, 0xFFFF, 0x0000, 0x0000, 0x0000, 0xFFFF, 0x0000, 0xFFFF, 0xFFFF, 0xFFFF, 0xFFFF, 0x0000, 0x0000, 0xFFFF, 0x0000, 0x0000,   // 0x0250 (592) pixels
    0xFFFF, 0x0000, 0x0000, 0xFFFF, 0x0000, 0xFFFF, 0x0000, 0x0000, 0x0000, 0xFFFF, 0xFFFF, 0xFFFF, 0xFFFF, 0x0000, 0x0000, 0xFFFF,   // 0x0260 (608) pixels
    0x0000, 0x0000, 0x0000, 0x0000, 0x0000, 0x0000, 0x0000, 0x0001, 0x000D, 0x001F, 0x001F, 0xF800, 0xF800, 0xFFFF, 0xFFFF, 0xFFFF,   // 0x0270 (624) pixels
    0xFFFF, 0x0000, 0x0000, 0xFFFF, 0xFFFF, 0xFFFF, 0xFFFF, 0xF800, 0xF800, 0x0000, 0x001F, 0x001F, 0x001F, 0x001F, 0x001F, 0x001F,   // 0x0280 (640) pixels
    0x0000, 0xFFFF, 0x0000, 0x0000, 0x0000, 0xFFFF, 0x0000, 0xFFFF, 0x0000, 0x0000, 0x0000, 0x0000, 0x0000, 0x0000, 0xFFFF, 0x0000,   // 0x0290 (656) pixels
    0xFFFF, 0x0000, 0xFFFF, 0xFFFF, 0x0000, 0xFFFF, 0x0000, 0x0000, 0x0000, 0xFFFF, 0x0000, 0x0000, 0x0000, 0x0000, 0x0000, 0x0000,   // 0x02A0 (672) pixels
    0xFFFF, 0x0000, 0x0000, 0x0000, 0x0000, 0x0000, 0x0000, 0x0000, 0x0000, 0x0000, 0xF800, 0xF800, 0xFFFF, 0xFFFF, 0xFFFF, 0xFFFF,   // 0x02B0 (688) pixels
    0x0000, 0x001F, 0x081F, 0x0000, 0xFFFF, 0xFFFF, 0xFFFF, 0xFFFF, 0xF800, 0xF800, 0x081F, 0x001F, 0x001F, 0x001F, 0x081F, 0x001F,   // 0x02C0 (704) pixels
    0x0000, 0xFFFF, 0x0000, 0x0000, 0x0000, 0xFFFF, 0x0000, 0x0000, 0xFFFF, 0xFFFF, 0xFFFF, 0x0000, 0xFFFF, 0xFFFF, 0x0000, 0x0000,   // 0x02D0 (720) pixels
    0xFFFF, 0xFFFF, 0x0000, 0xFFFF, 0x0000, 0xFFFF, 0x0000, 0x0000, 0x0000, 0x0000, 0xFFFF, 0xFFFF, 0xFFFF, 0x0000, 0xFFFF, 0xFFFF,   // 0x02E0 (736) pixels
    0x0000, 0x0000, 0x0000, 0x0000, 0x0000, 0x0000, 0x0000, 0x0000, 0x0000, 0xF800, 0xF800, 0xFFFF, 0xFFFF, 0xFFFF, 0xFFFF, 0xFFFF,   // 0x02F0 (752) pixels
    0x0000, 0x001F, 0x001F, 0x0000, 0xFFFF, 0xFFFF, 0xFFFF, 0xFFFF, 0xFFFF, 0xF800, 0xF800, 0x001F, 0x001F, 0x001F, 0x001F, 0x001F,   // 0x0300 (768) pixels
    0x0000, 0x0000, 0x0000, 0x0000, 0x0000, 0x0000, 0x0000, 0x0000, 0x0000, 0x0000, 0x0000, 0x0000, 0x0000, 0x0000, 0x0000, 0x0000,   // 0x0310 (784) pixels
    0x0000, 0x0000, 0x0000, 0x0000, 0x0000, 0x0000, 0x0000, 0x0000, 0x0000, 0x0000, 0x0000, 0x0000, 0x0000, 0x0000, 0x0000, 0x0000,   // 0x0320 (800) pixels
    0x0000, 0x0000, 0x0000, 0x0000, 0x0000, 0x0000, 0x0000, 0x0000, 0xF800, 0xF800, 0xFFFF, 0xFFFF, 0xFFFF, 0xFFFF, 0xFFFF, 0xFFFF,   // 0x0330 (816) pixels
    0xFFFF, 0x0000, 0x0000, 0xFFFF, 0xFFFF, 0xFFFF, 0xFFFF, 0xFFFF, 0xFFFF, 0xFFFF, 0xF800, 0xF800, 0x081F, 0x001F, 0x081F, 0x001F,   // 0x0340 (832) pixels
    0x0000, 0x0000, 0x0000, 0x0000, 0x0000, 0x0000, 0x0000, 0x0000, 0x0000, 0x0000, 0x0000, 0x0000, 0x0000, 0x0000, 0x0000, 0x0000,   // 0x0350 (848) pixels
    0x0000, 0x0000, 0x0000, 0x0000, 0x0000, 0x0000, 0x0000, 0x0000, 0x0000, 0x0000, 0x0000, 0x0000, 0x0000, 0x0000, 0x0000, 0x0000,   // 0x0360 (864) pixels
    0x0000, 0x0000, 0x0000, 0x0000, 0x0000, 0x0000, 0x0000, 0xF800, 0xF800, 0xFFFF, 0xFFFF, 0xFFFF, 0xFFFF, 0xFFFF, 0xFFFF, 0xFFFF,   // 0x0370 (880) pixels
    0xFFFF, 0xFFFF, 0xFFFF, 0xFFFF, 0xFFFF, 0xFFFF, 0xFFFF, 0xFFFF, 0xFFFF, 0xFFFF, 0xFFFF, 0xF800, 0xF800, 0x001F, 0x001F, 0x001F,   // 0x0380 (896) pixels
    0x0000, 0x0000, 0x0000, 0x0000, 0x0000, 0x0000, 0x0000, 0x0000, 0x0000, 0x0000, 0x0000, 0xFFFF, 0x0000, 0x0000, 0xFFFF, 0x0000,   // 0x0390 (912) pixels
    0x0000, 0x0000, 0x0000, 0x0000, 0x0000, 0xFFFF, 0x0000, 0x0000, 0x0000, 0x0000, 0x0000, 0x0000, 0x0000, 0x0000, 0x0000, 0x0000,   // 0x03A0 (928) pixels
    0x0000, 0x0000, 0x0000, 0x0000, 0x0000, 0x0000, 0xF800, 0xF800, 0xFFFF, 0xFFFF, 0xFFFF, 0xFFFF, 0xFFFF, 0xFFFF, 0xFFFF, 0xFFFF,   // 0x03B0 (944) pixels
    0xFFFF, 0xFFFF, 0xFFFF, 0xFFFF, 0xFFFF, 0xFFFF, 0xFFFF, 0xFFFF, 0xFFFF, 0xFFFF, 0xFFFF, 0xFFFF, 0xF800, 0xF800, 0x081F, 0x001F,   // 0x03C0 (960) pixels
    0x0000, 0x0000, 0x0000, 0x0000, 0x0000, 0x0000, 0x0000, 0x0000, 0x0000, 0x0000, 0x0000, 0xFFFF, 0x0000, 0xFFFF, 0x0000, 0x0000,   // 0x03D0 (976) pixels
    0x0000, 0x0000, 0x0000, 0x0000, 0x0000, 0x0000, 0x0000, 0x0000, 0x0000, 0x0000, 0x0000, 0x0000, 0x0000, 0x0000, 0x0000, 0x0000,   // 0x03E0 (992) pixels
    0x0000, 0x0000, 0x0000, 0x0000, 0x0000, 0xF800, 0xF800, 0x0000, 0xFFFF, 0xFFFF, 0xFFFF, 0xFFFF, 0xFFFF, 0xFFFF, 0xFFFF, 0xFFFF,   // 0x03F0 (1008) pixels
    0xFFFF, 0xFFFF, 0xFFFF, 0xFFFF, 0xFFFF, 0xFFFF, 0xFFFF, 0xFFFF, 0xFFFF, 0xFFFF, 0xFFFF, 0xFFFF, 0x0000, 0xF800, 0xF800, 0x001F,   // 0x0400 (1024) pixels
    0x0000, 0x0000, 0x0000, 0x0000, 0x0000, 0x0000, 0x0000, 0x0000, 0x0000, 0x0000, 0x0000, 0xFFFF, 0x0000, 0x0000, 0x0000, 0x0000,   // 0x0410 (1040) pixels
    0xFFFF, 0xFFFF, 0xFFFF, 0x0000, 0x0000, 0xFFFF, 0x0000, 0x0000, 0xFFFF, 0xFFFF, 0x0000, 0x0000, 0x0000, 0x0000, 0x0000, 0x0000,   // 0x0420 (1056) pixels
    0x0000, 0x0000, 0x0000, 0x0000, 0x0000, 0x0000, 0x0000, 0x0000, 0xFFFF, 0xFFFF, 0xFFFF, 0xFFFF, 0xFFFF, 0xFFFF, 0xFFFF, 0xFFFF,   // 0x0430 (1072) pixels
    0xFFFF, 0xFFFF, 0xFFFF, 0xFFFF, 0xFFFF, 0xFFFF, 0xFFFF, 0xFFFF, 0xFFFF, 0xFFFF, 0xFFFF, 0xFFFF, 0x0000, 0x001F, 0x081F, 0x001F,   // 0x0440 (1088) pixels
    0x0000, 0x0000, 0x0000, 0x0000, 0x0000, 0x0000, 0x0000, 0x0000, 0x0000, 0xFFFF, 0xFFFF, 0xFFFF, 0x0000, 0x0000, 0x0000, 0x0000,   // 0x0450 (1104) pixels
    0x0000, 0x0000, 0x0000, 0xFFFF, 0x0000, 0xFFFF, 0x0000, 0xFFFF, 0x0000, 0x0000, 0x0000, 0x0000, 0x0000, 0x0000, 0x0000, 0x0000,   // 0x0460 (1120) pixels
    0x0000, 0x0000, 0x0000, 0x0000, 0x0000, 0x0000, 0x0000, 0x0000, 0xFFFF, 0xFFFF, 0xFFFF, 0xFFFF, 0xFFFF, 0xFFFF, 0xFFFF, 0xFFFF,   // 0x0470 (1136) pixels
    0xFFFF, 0xFFFF, 0xFFFF, 0xFFFF, 0xFFFF, 0xFFFF, 0xFFFF, 0xFFFF, 0xFFFF, 0xFFFF, 0xFFFF, 0xFFFF, 0x0000, 0x001F, 0x001F, 0x001F,   // 0x0480 (1152) pixels
    0x0000, 0x0000, 0x0000, 0x0000, 0x0000, 0x0000, 0x0000, 0x0000, 0xFFFF, 0x0000, 0x0000, 0xFFFF, 0x0000, 0x0000, 0x0000, 0x0000,   // 0x0490 (1168) pixels
    0xFFFF, 0xFFFF, 0xFFFF, 0xFFFF, 0x0000, 0xFFFF, 0x0000, 0xFFFF, 0x0000, 0x0000, 0x0000, 0x0000, 0x0000, 0x0000, 0x0000, 0x0000,   // 0x04A0 (1184) pixels
    0x0000, 0x0000, 0x0000, 0x0000, 0x0000, 0x0000, 0x0000, 0x0000, 0xFFFF, 0xFFFF, 0xFFFF, 0xFFFF, 0xFFFF, 0xFFFF, 0xFFFF, 0xFFFF,   // 0x04B0 (1200) pixels
    0xFFFF, 0xFFFF, 0xFFFF, 0xFFFF, 0xFFFF, 0xFFFF, 0xFFFF, 0xFFFF, 0xFFFF, 0xFFFF, 0xFFFF, 0xFFFF, 0x0000, 0x001F, 0x081F, 0x001F,   // 0x04C0 (1216) pixels
    0x0000, 0x0000, 0x0000, 0x0000, 0x0000, 0x0000, 0x0000, 0x0000, 0xFFFF, 0x0000, 0x0000, 0xFFFF, 0x0000, 0x0000, 0x0000, 0x0000,   // 0x04D0 (1232) pixels
    0xFFFF, 0x0000, 0x0000, 0xFFFF, 0x0000, 0xFFFF, 0x0000, 0xFFFF, 0x0000, 0x0000, 0x0000, 0x0000, 0x0000, 0x0000, 0x0000, 0x0000,   // 0x04E0 (1248) pixels
    0x0000, 0x0000, 0x0000, 0x0000, 0x0000, 0x0000, 0x0000, 0x0000, 0xFFFF, 0xFFFF, 0xFFFF, 0xFFFF, 0xFFFF, 0xFFFF, 0xFFFF, 0xFFFF,   // 0x04F0 (1264) pixels
    0xFFFF, 0xFFFF, 0xFFFF, 0xFFFF, 0xFFFF, 0xFFFF, 0xFFFF, 0xFFFF, 0xFFFF, 0xFFFF, 0xFFFF, 0xFFFF, 0x0000, 0x001F, 0x001F, 0x001F,   // 0x0500 (1280) pixels
    0x0000, 0x0000, 0x0000, 0x0000, 0x0000, 0x0000, 0x0000, 0x0000, 0x0000, 0xFFFF, 0xFFFF, 0x0000, 0x0000, 0x0000, 0x0000, 0x0000,   // 0x0510 (1296) pixels
    0x0000, 0xFFFF, 0xFFFF, 0x0000, 0x0000, 0xFFFF, 0x0000, 0xFFFF, 0x0000, 0x0000, 0x0000, 0x0000, 0x0000, 0x0000, 0x0000, 0x0000,   // 0x0520 (1312) pixels
    0x0000, 0x0000, 0x0000, 0x0000, 0x0000, 0x0000, 0x0000, 0x0000, 0xFFFF, 0xFFFF, 0xFFFF, 0xFFFF, 0xFFFF, 0xFFFF, 0xFFFF, 0xFFFF,   // 0x0530 (1328) pixels
    0xFFFF, 0xFFFF, 0xFFFF, 0xFFFF, 0xFFFF, 0xFFFF, 0xFFFF, 0xFFFF, 0xFFFF, 0xFFFF, 0xFFFF, 0xFFFF, 0x0000, 0x001F, 0x081F, 0x001F,   // 0x0540 (1344) pixels
    0x0000, 0x0000, 0x0000, 0x0000, 0x0000, 0x0000, 0x0000, 0x0000, 0x0000, 0x0000, 0x0000, 0x0000, 0x0000, 0x0000, 0x0000, 0x0000,   // 0x0550 (1360) pixels
    0x0000, 0x0000, 0x0000, 0x0000, 0x0000, 0x0000, 0x0000, 0x0000, 0x0000, 0x0000, 0x0000, 0x0000, 0x0000, 0x0000, 0x0000, 0x0000,   // 0x0560 (1376) pixels
    0x0000, 0x0000, 0x0000, 0x0000, 0x0000, 0x0000, 0x0000, 0x0000, 0xFFFF, 0xFFFF, 0xFFFF, 0xFFFF, 0xFFFF, 0xFFFF, 0xFFFF, 0xFFFF,   // 0x0570 (1392) pixels
    0xFFFF, 0xFFFF, 0xFFFF, 0xFFFF, 0xFFFF, 0xFFFF, 0xFFFF, 0xFFFF, 0xFFFF, 0xFFFF, 0xFFFF, 0xFFFF, 0x0000, 0x001F, 0x001F, 0x001F,   // 0x0580 (1408) pixels
    0x0000, 0x0000, 0x0000, 0x0000, 0x0000, 0x0000, 0x0000, 0x0000, 0x0000, 0x0000, 0x0000, 0x0000, 0x0000, 0xFFFF, 0x0000, 0x0000,   // 0x0590 (1424) pixels
    0x0000, 0x0000, 0x0000, 0x0000, 0x0000, 0x0000, 0x0000, 0x0000, 0x0000, 0x0000, 0x0000, 0x0000, 0x0000, 0x0000, 0x0000, 0x0000,   // 0x05A0 (1440) pixels
    0x0000, 0x0000, 0x0000, 0x0000, 0x0000, 0x0000, 0x0000, 0x0000, 0xFFFF, 0xFFFF, 0xFFFF, 0xFFFF, 0xFFFF, 0xFFFF, 0xFFFF, 0xFFFF,   // 0x05B0 (1456) pixels
    0x0000, 0x0000, 0x0000, 0x0000, 0xFFFF, 0xFFFF, 0xFFFF, 0xFFFF, 0x0000, 0xFFFF, 0xFFFF, 0xFFFF, 0x0000, 0x0003, 0x081F, 0x001F,   // 0x05C0 (1472) pixels
    0xFFFF, 0x0000, 0x0000, 0x0000, 0x0000, 0x0000, 0x0000, 0x0000, 0x0000, 0x0000, 0x0000, 0x0000, 0xFFFF, 0x0000, 0x0000, 0x0000,   // 0x05D0 (1488) pixels
    0x0000, 0x0000, 0x0000, 0x0000, 0xFFFF, 0x0000, 0x0000, 0x0000, 0x0000, 0x0000, 0x0000, 0x0000, 0x0000, 0x0000, 0x0000, 0x0000,   // 0x05E0 (1504) pixels
    0x0000, 0x0000, 0x0000, 0x0000, 0x0000, 0x0000, 0x0000, 0x0000, 0xFFFF, 0xFFFF, 0xFFFF, 0xFFFF, 0xFFFF, 0xFFFF, 0xFFFF, 0xFFFF,   // 0x05F0 (1520) pixels
    0x0000, 0xFFFF, 0xFFFF, 0x0000, 0xFFFF, 0xFFFF, 0xFFFF, 0x0000, 0xFFFF, 0x0000, 0xFFFF, 0xFFFF, 0x0000, 0x0000, 0x0001, 0x0018,   // 0x0600 (1536) pixels
    0x0000, 0x0000, 0x0000, 0x0000, 0x0000, 0x0000, 0x0000, 0xFFFF, 0x0000, 0x0000, 0x0000, 0x0000, 0x0000, 0x0000, 0x0000, 0x0000,   // 0x0610 (1552) pixels
    0x0000, 0x0000, 0x0000, 0x0000, 0x0000, 0x0000, 0x0000, 0x0000, 0x0000, 0x0000, 0x0000, 0x0000, 0x0000, 0x0000, 0x0000, 0x0000,   // 0x0620 (1568) pixels
    0x0000, 0x0000, 0x0000, 0x0000, 0x0000, 0x0000, 0x0000, 0x0000, 0xFFFF, 0xFFFF, 0xFFFF, 0xFFFF, 0xFFFF, 0xFFFF, 0xFFFF, 0xFFFF,   // 0x0630 (1584) pixels
    0x0000, 0xFFFF, 0xFFFF, 0x0000, 0xFFFF, 0xFFFF, 0xFFFF, 0xFFFF, 0x0000, 0xFFFF, 0xFFFF, 0xFFFF, 0x0000, 0x0000, 0x0000, 0x0000,   // 0x0640 (1600) pixels
    0xFFFF, 0x0000, 0xFFFF, 0xFFFF, 0xFFFF, 0x0000, 0x0000, 0xFFFF, 0x0000, 0x0000, 0x0000, 0x0000, 0xFFFF, 0xFFFF, 0x0000, 0x0000,   // 0x0650 (1616) pixels
    0x0000, 0xFFFF, 0xFFFF, 0x0000, 0xFFFF, 0x0000, 0x0000, 0xFFFF, 0xFFFF, 0x0000, 0x0000, 0xFFFF, 0x0000, 0x0000, 0xFFFF, 0x0000,   // 0x0660 (1632) pixels
    0x0000, 0xFFFF, 0xFFFF, 0x0000, 0x0000, 0x0000, 0x0000, 0x0000, 0xFFFF, 0xFFFF, 0xFFFF, 0xFFFF, 0xFFFF, 0xFFFF, 0xFFFF, 0xFFFF,   // 0x0670 (1648) pixels
    0x0000, 0xFFFF, 0xFFFF, 0x0000, 0xFFFF, 0xFFFF, 0xFFFF, 0x0000, 0x0000, 0x0000, 0xFFFF, 0xFFFF, 0x0000, 0x0000, 0x0000, 0x0000,   // 0x0680 (1664) pixels
    0xFFFF, 0x0000, 0xFFFF, 0x0000, 0x0000, 0xFFFF, 0x0000, 0xFFFF, 0xFFFF, 0xFFFF, 0x0000, 0xFFFF, 0x0000, 0x0000, 0xFFFF, 0x0000,   // 0x0690 (1680) pixels
    0xFFFF, 0x0000, 0x0000, 0x0000, 0xFFFF, 0x0000, 0xFFFF, 0x0000, 0x0000, 0xFFFF, 0x0000, 0xFFFF, 0x0000, 0x0000, 0xFFFF, 0x0000,   // 0x06A0 (1696) pixels
    0xFFFF, 0x0000, 0x0000, 0x0000, 0x0000, 0x0000, 0x0000, 0x0000, 0xFFFF, 0xFFFF, 0xFFFF, 0xFFFF, 0xFFFF, 0xFFFF, 0xFFFF, 0xFFFF,   // 0x06B0 (1712) pixels
    0x0000, 0xFFFF, 0xFFFF, 0x0000, 0xFFFF, 0xFFFF, 0xFFFF, 0xFFFF, 0x0000, 0xFFFF, 0xFFFF, 0xFFFF, 0x0000, 0x0000, 0x0000, 0x0000,   // 0x06C0 (1728) pixels
    0xFFFF, 0x0000, 0xFFFF, 0x0000, 0x0000, 0xFFFF, 0x0000, 0xFFFF, 0x0000, 0x0000, 0x0000, 0xFFFF, 0xFFFF, 0xFFFF, 0xFFFF, 0x0000,   // 0x06D0 (1744) pixels
    0xFFFF, 0x0000, 0x0000, 0x0000, 0xFFFF, 0x0000, 0xFFFF, 0xFFFF, 0xFFFF, 0xFFFF, 0x0000, 0xFFFF, 0x0000, 0x0000, 0xFFFF, 0x0000,   // 0x06E0 (1760) pixels
    0xFFFF, 0x0000, 0x0000, 0x0000, 0x0000, 0x0000, 0x0000, 0x0000, 0xFFFF, 0xFFFF, 0xFFFF, 0xFFFF, 0xFFFF, 0xFFFF, 0xFFFF, 0xFFFF,   // 0x06F0 (1776) pixels
    0x0000, 0xFFFF, 0xFFFF, 0x0000, 0xFFFF, 0xFFFF, 0xFFFF, 0x0000, 0x0000, 0x0000, 0xFFFF, 0xFFFF, 0x0000, 0x0000, 0x0000, 0x0000,   // 0x0700 (1792) pixels
    0xFFFF, 0x0000, 0xFFFF, 0x0000, 0x0000, 0xFFFF, 0x0000, 0xFFFF, 0x0000, 0x0000, 0x0000, 0xFFFF, 0x0000, 0x0000, 0x0000, 0x0000,   // 0x0710 (1808) pixels
    0xFFFF, 0x0000, 0x0000, 0x0000, 0xFFFF, 0x0000, 0xFFFF, 0x0000, 0x0000, 0x0000, 0x0000, 0xFFFF, 0x0000, 0xFFFF, 0xFFFF, 0x0000,   // 0x0720 (1824) pixels
    0xFFFF, 0x0000, 0x0000, 0x0000, 0x0000, 0x0000, 0x0000, 0x0000, 0xFFFF, 0xFFFF, 0xFFFF, 0xFFFF, 0xFFFF, 0xFFFF, 0xFFFF, 0xFFFF,   // 0x0730 (1840) pixels
    0x0000, 0xFFFF, 0xFFFF, 0x0000, 0xFFFF, 0xFFFF, 0xFFFF, 0x0000, 0xFFFF, 0x0000, 0xFFFF, 0xFFFF, 0x0000, 0x0000, 0x0000, 0x0000,   // 0x0740 (1856) pixels
    0xFFFF, 0x0000, 0xFFFF, 0x0000, 0x0000, 0xFFFF, 0x0000, 0x0000, 0xFFFF, 0xFFFF, 0x0000, 0x0000, 0xFFFF, 0xFFFF, 0xFFFF, 0x0000,   // 0x0750 (1872) pixels
    0xFFFF, 0x0000, 0x0000, 0x0000, 0xFFFF, 0x0000, 0x0000, 0xFFFF, 0xFFFF, 0xFFFF, 0x0000, 0xFFFF, 0xFFFF, 0x0000, 0xFFFF, 0x0000,   // 0x0760 (1888) pixels
    0xFFFF, 0x0000, 0x0000, 0x0000, 0x0000, 0x0000, 0x0000, 0x0000, 0xFFFF, 0xFFFF, 0xFFFF, 0xFFFF, 0xFFFF, 0xFFFF, 0xFFFF, 0xFFFF,   // 0x0770 (1904) pixels
    0x0000, 0xFFFF, 0xFFFF, 0x0000, 0xFFFF, 0xFFFF, 0xFFFF, 0x0000, 0xFFFF, 0x0000, 0xFFFF, 0xFFFF, 0x0000, 0x0000, 0x0000, 0x0000,   // 0x0780 (1920) pixels
    0x0000, 0x0000, 0x0000, 0x0000, 0x0000, 0x0000, 0x0000, 0x0000, 0x0000, 0x0000, 0x0000, 0x0000, 0x0000, 0x0000, 0x0000, 0x0000,   // 0x0790 (1936) pixels
    0x0000, 0x0000, 0x0000, 0x0000, 0x0000, 0x0000, 0x0000, 0x0000, 0x0000, 0x0000, 0x0000, 0x0000, 0x0000, 0x0000, 0x0000, 0x0000,   // 0x07A0 (1952) pixels
    0x0000, 0x0000, 0x0000, 0x0000, 0x0000, 0x0000, 0x0000, 0x0000, 0x0000, 0x0000, 0x0000, 0x0000, 0x0000, 0x0000, 0x0000, 0x0000,   // 0x07B0 (1968) pixels
    0x0000, 0x0000, 0x0000, 0x0000, 0x0000, 0x0000, 0x0000, 0x0000, 0x0000, 0x0000, 0x0000, 0x0000, 0x0000, 0x0000, 0x0000, 0x0000,   // 0x07C0 (1984) pixels
    0x0000, 0x0000, 0x0000, 0x0000, 0x0000, 0x0000, 0x0000, 0x0000, 0x0000, 0x0000, 0x0000, 0x0000, 0x0000, 0x0000, 0x0000, 0x0000,   // 0x07D0 (2000) pixels
    0x0000, 0x0000, 0x0000, 0x0000, 0x0000, 0x0000, 0x0000, 0x0000, 0x0000, 0x0000, 0x0000, 0x0000, 0x0000, 0x0000, 0x0000, 0x0000,   // 0x07E0 (2016) pixels
    0x0000, 0x0000, 0x0000, 0x0000, 0x0000, 0x0000, 0x0000, 0x0000, 0x0000, 0x0000, 0x0000, 0x0000, 0x0000, 0x0000, 0x0000, 0x0000,   // 0x07F0 (2032) pixels
    0x0000, 0x0000, 0x0000, 0x0000, 0x0000, 0x0000, 0x0000, 0x0000, 0x0000, 0x0000, 0x0000, 0x0000, 0x0000, 0x0000, 0x0000, 0x0000,   // 0x0800 (2048) pixels
};

static const uint16_t interieur_no_connection[] = {
    0x0000, 0x0000, 0x0000, 0x0000, 0x0000, 0x0000, 0x0000, 0x0000, 0x0000, 0x0000, 0x0000, 0x0047, 0x008E, 0x00D4, 0x011B, 0x093F,   // 0x0010 (16) pixels
    0x093F, 0x093F, 0x093F, 0x093F, 0x093F, 0x093F, 0x093F, 0x093F, 0x093F, 0x093F, 0x093F, 0x093F, 0x093F, 0x093F, 0x093F, 0x093F,   // 0x0020 (32) pixels
    0x093F, 0x093F, 0x093F, 0x093F, 0x093F, 0x093F, 0x093F, 0x093F, 0x093F, 0x093F, 0x093F, 0x093F, 0x093F, 0x093F, 0x093F, 0x093F,   // 0x0030 (48) pixels
    0x093F, 0x093F, 0x093F, 0x093F, 0x093F, 0x093F, 0x093F, 0x093F, 0x093F, 0x093F, 0x093F, 0x093F, 0x093F, 0x093F, 0x093F, 0x093F,   // 0x0040 (64) pixels
    0x0000, 0x0000, 0x0000, 0x0000, 0x0000, 0x0000, 0x0000, 0x0000, 0x0000, 0x0000, 0x0000, 0x0000, 0x0000, 0x0000, 0x0000, 0x0024,   // 0x0050 (80) pixels
    0x006B, 0x00B3, 0x011B, 0x093F, 0x093F, 0x093F, 0x093F, 0x093F, 0x093F, 0x093F, 0x093F, 0x093F, 0x093F, 0x093F, 0x093F, 0x093F,   // 0x0060 (96) pixels
    0x093F, 0x093F, 0x093F, 0x093F, 0x093F, 0x093F, 0x093F, 0x093F, 0x093F, 0x093F, 0x093F, 0x093F, 0x093F, 0x093F, 0x093F, 0x093F,   // 0x0070 (112) pixels
    0x093F, 0x093F, 0x093F, 0x093F, 0x093F, 0x093F, 0x093F, 0x093F, 0x093F, 0x093F, 0x093F, 0x093F, 0x093F, 0x093F, 0x093F, 0x093F,   // 0x0080 (128) pixels
    0x0000, 0x0000, 0x0000, 0x0000, 0x0000, 0x0000, 0x0000, 0x0000, 0x0000, 0x0000, 0x0000, 0x0000, 0x0000, 0x0000, 0x0000, 0x0000,   // 0x0090 (144) pixels
    0x0000, 0x0000, 0x0000, 0x0024, 0x006D, 0x00D5, 0x093E, 0x093F, 0x093F, 0x093F, 0x093F, 0x093F, 0x093F, 0x093F, 0x093F, 0x093F,   // 0x00A0 (160) pixels
    0x093F, 0x093F, 0x093F, 0x093F, 0x093F, 0x093F, 0x093F, 0x093F, 0x093F, 0x093F, 0x093F, 0x093F, 0x093F, 0x093F, 0x093F, 0x093F,   // 0x00B0 (176) pixels
    0x093F, 0x093F, 0x093F, 0x093F, 0x093F, 0x093F, 0x093F, 0x093F, 0x093F, 0x093F, 0x093F, 0x093F, 0x093F, 0x093F, 0x093F, 0x093F,   // 0x00C0 (192) pixels
    0x0000, 0x0000, 0x0000, 0x0000, 0x0000, 0x0000, 0x0000, 0x0000, 0x0000, 0x0000, 0x0000, 0x0000, 0x0000, 0x0000, 0x0000, 0x0000,   // 0x00D0 (208) pixels
    0x0000, 0x0000, 0x0000, 0x0000, 0x0000, 0x0000, 0x0000, 0x0049, 0x00B2, 0x011B, 0x093F, 0x093F, 0x093F, 0x093F, 0x093F, 0x093F,   // 0x00E0 (224) pixels
    0x093F, 0x093F, 0x093F, 0x093F, 0x093F, 0x093F, 0x093F, 0x093F, 0x093F, 0x093F, 0x093F, 0x093F, 0x093F, 0x093F, 0x093F, 0x093F,   // 0x00F0 (240) pixels
    0x093F, 0xF800, 0xF800, 0x093F, 0x093F, 0x093F, 0x093F, 0x093F, 0x093F, 0x093F, 0x093F, 0x093F, 0x093F, 0x093F, 0x093F, 0x093F,   // 0x0100 (256) pixels
    0x0000, 0x0000, 0x0000, 0x0000, 0x0000, 0x0000, 0x0000, 0x0000, 0x0000, 0x0000, 0x0000, 0x0000, 0x0000, 0x0000, 0x0000, 0x0000,   // 0x0110 (272) pixels
    0x0000, 0x0000, 0x0000, 0x0000, 0x0000, 0x0000, 0x0000, 0x0000, 0x0000, 0x0000, 0x0047, 0x00B1, 0x011B, 0x093F, 0x093F, 0x093F,   // 0x0120 (288) pixels
    0x093F, 0x093F, 0x093F, 0x093F, 0x093F, 0x093F, 0x093F, 0x093F, 0x093F, 0x093F, 0x093F, 0x093F, 0x093F, 0x093F, 0x093F, 0x093F,   // 0x0130 (304) pixels
    0xF800, 0xF800, 0xF800, 0xF800, 0x093F, 0x093F, 0x0000, 0x0000, 0x0000, 0x0000, 0x093F, 0x093F, 0x093F, 0x093F, 0x093F, 0x093F,   // 0x0140 (320) pixels
    0x0000, 0x0000, 0xFFFF, 0x0000, 0x0000, 0x0000, 0xFFFF, 0x0000, 0x0000, 0x0000, 0x0000, 0x0000, 0x0000, 0x0000, 0x0000, 0x0000,   // 0x0150 (336) pixels
    0x0000, 0x0000, 0x0000, 0x0000, 0x0000, 0x0000, 0x0000, 0x0000, 0x0000, 0x0000, 0x0000, 0x0000, 0x0000, 0x0048, 0x00B2, 0x011D,   // 0x0160 (352) pixels
    0x093F, 0x093F, 0x093F, 0x093F, 0x093F, 0x093F, 0x093F, 0x093F, 0x093F, 0x093F, 0x093F, 0x093F, 0x093F, 0x093F, 0x093F, 0xF800,   // 0x0170 (368) pixels
    0xF800, 0xFFFF, 0xFFFF, 0xF800, 0xF800, 0x093F, 0x0000, 0xFFFF, 0xFFFF, 0x0000, 0x093F, 0x093F, 0x093F, 0x093F, 0x093F, 0x093F,   // 0x0180 (384) pixels
    0x0000, 0x0000, 0xFFFF, 0xFFFF, 0x0000, 0xFFFF, 0xFFFF, 0x0000, 0x0000, 0x0000, 0x0000, 0x0000, 0x0000, 0x0000, 0x0000, 0x0000,   // 0x0190 (400) pixels
    0x0000, 0x0000, 0x0000, 0x0000, 0x0000, 0x0000, 0x0000, 0x0000, 0x0000, 0x0000, 0x0000, 0x0000, 0x0000, 0x0000, 0x0000, 0x0000,   // 0x01A0 (416) pixels
    0x0000, 0x00B2, 0x011D, 0x093F, 0x093F, 0x093F, 0x093F, 0x093F, 0x093F, 0x093F, 0x093F, 0x093F, 0x093F, 0x093F, 0xF800, 0xF800,   // 0x01B0 (432) pixels
    0xFFFF, 0xFFFF, 0xFFFF, 0xFFFF, 0xF800, 0xF800, 0x0000, 0xFFFF, 0xFFFF, 0x0000, 0x093F, 0x093F, 0x093F, 0x093F, 0x093F, 0x093F,   // 0x01C0 (448) pixels
    0x0000, 0x0000, 0xFFFF, 0x0000, 0xFFFF, 0x0000, 0xFFFF, 0x0000, 0x0000, 0xFFFF, 0xFFFF, 0x0000, 0x0000, 0x0000, 0xFFFF, 0xFFFF,   // 0x01D0 (464) pixels
    0x0000, 0xFFFF, 0x0000, 0x0000, 0xFFFF, 0x0000, 0xFFFF, 0xFFFF, 0x0000, 0x0000, 0xFFFF, 0xFFFF, 0x0000, 0x0000, 0x0000, 0xFFFF,   // 0x01E0 (480) pixels
    0xFFFF, 0x0000, 0x0000, 0x0090, 0x011C, 0x093F, 0x093F, 0x093F, 0x093F, 0x093F, 0x093F, 0x093F, 0x093F, 0xF800, 0xF800, 0xFFFF,   // 0x01F0 (496) pixels
    0xFFFF, 0xFFFF, 0xFFFF, 0xFFFF, 0xFFFF, 0xF800, 0xF800, 0xFFFF, 0xFFFF, 0x0000, 0x093F, 0x093F, 0x093F, 0x093F, 0x093F, 0x093F,   // 0x0200 (512) pixels
    0x0000, 0x0000, 0xFFFF, 0x0000, 0x0000, 0x0000, 0xFFFF, 0x0000, 0xFFFF, 0x0000, 0x0000, 0xFFFF, 0x0000, 0xFFFF, 0x0000, 0x0000,   // 0x0210 (528) pixels
    0x0000, 0xFFFF, 0x0000, 0x0000, 0xFFFF, 0x0000, 0xFFFF, 0x0000, 0x0000, 0xFFFF, 0x0000, 0x0000, 0xFFFF, 0x0000, 0xFFFF, 0x0000,   // 0x0220 (544) pixels
    0x0000, 0x0000, 0x0000, 0x0000, 0x0000, 0x006B, 0x00F8, 0x093F, 0x093F, 0x093F, 0x093F, 0x093F, 0xF800, 0xF800, 0xFFFF, 0xFFFF,   // 0x0230 (560) pixels
    0xFFFF, 0xFFFF, 0xFFFF, 0xFFFF, 0xFFFF, 0xFFFF, 0xF800, 0xF800, 0xFFFF, 0x0000, 0x093F, 0x093F, 0x093F, 0x093F, 0x093F, 0x093F,   // 0x0240 (576) pixels
    0x0000, 0x0000, 0xFFFF, 0x0000, 0x0000, 0x0000, 0xFFFF, 0x0000, 0xFFFF, 0xFFFF, 0xFFFF, 0xFFFF, 0x0000, 0x0000, 0xFFFF, 0x0000,   // 0x0250 (592) pixels
    0x0000, 0xFFFF, 0x0000, 0x0000, 0xFFFF, 0x0000, 0xFFFF, 0x0000, 0x0000, 0xFFFF, 0xFFFF, 0xFFFF, 0xFFFF, 0x0000, 0x0000, 0xFFFF,   // 0x0260 (608) pixels
    0x0000, 0x0000, 0x0000, 0x0000, 0x0000, 0x0000, 0x0000, 0x0048, 0x00D5, 0x093F, 0x093F, 0xF800, 0xF800, 0xFFFF, 0xFFFF, 0xFFFF,   // 0x0270 (624) pixels
    0xFFFF, 0x0000, 0x0000, 0xFFFF, 0xFFFF, 0xFFFF, 0xFFFF, 0xF800, 0xF800, 0x0000, 0x093F, 0x093F, 0x093F, 0x093F, 0x093F, 0x093F,   // 0x0280 (640) pixels
    0x0000, 0x0000, 0xFFFF, 0x0000, 0x0000, 0x0000, 0xFFFF, 0x0000, 0xFFFF, 0x0000, 0x0000, 0x0000, 0x0000, 0x0000, 0x0000, 0xFFFF,   // 0x0290 (656) pixels
    0x0000, 0xFFFF, 0x0000, 0xFFFF, 0xFFFF, 0x0000, 0xFFFF, 0x0000, 0x0000, 0xFFFF, 0x0000, 0x0000, 0x0000, 0x0000, 0x0000, 0x0000,   // 0x02A0 (672) pixels
    0xFFFF, 0x0000, 0x0000, 0x0000, 0x0000, 0x0000, 0x0000, 0x0000, 0x0000, 0x0026, 0xF800, 0xF800, 0xFFFF, 0xFFFF, 0xFFFF, 0xFFFF,   // 0x02B0 (688) pixels
    0x0000, 0x093F, 0x093F, 0x0000, 0xFFFF, 0xFFFF, 0xFFFF, 0xFFFF, 0xF800, 0xF800, 0x093F, 0x093F, 0x093F, 0x093F, 0x093F, 0x093F,   // 0x02C0 (704) pixels
    0x0000, 0x0000, 0xFFFF, 0x0000, 0x0000, 0x0000, 0xFFFF, 0x0000, 0x0000, 0xFFFF, 0xFFFF, 0xFFFF, 0x0000, 0xFFFF, 0xFFFF, 0x0000,   // 0x02D0 (720) pixels
    0x0000, 0xFFFF, 0xFFFF, 0x0000, 0xFFFF, 0x0000, 0xFFFF, 0x0000, 0x0000, 0x0000, 0xFFFF, 0xFFFF, 0xFFFF, 0x0000, 0xFFFF, 0xFFFF,   // 0x02E0 (736) pixels
    0x0000, 0x0000, 0x0000, 0x0000, 0x0000, 0x0000, 0x0000, 0x0000, 0x0000, 0xF800, 0xF800, 0xFFFF, 0xFFFF, 0xFFFF, 0xFFFF, 0xFFFF,   // 0x02F0 (752) pixels
    0x0000, 0x093F, 0x093F, 0x0000, 0xFFFF, 0xFFFF, 0xFFFF, 0xFFFF, 0xFFFF, 0xF800, 0xF800, 0x093F, 0x093F, 0x093F, 0x093F, 0x093F,   // 0x0300 (768) pixels
    0x0000, 0x0000, 0x0000, 0x0000, 0x0000, 0x0000, 0x0000, 0x0000, 0x0000, 0x0000, 0x0000, 0x0000, 0x0000, 0x0000, 0x0000, 0x0000,   // 0x0310 (784) pixels
    0x0000, 0x0000, 0x0000, 0x0000, 0x0000, 0x0000, 0x0000, 0x0000, 0x0000, 0x0000, 0x0000, 0x0000, 0x0000, 0x0000, 0x0000, 0x0000,   // 0x0320 (800) pixels
    0x0000, 0x0000, 0x0000, 0x0000, 0x0000, 0x0000, 0x0000, 0x0000, 0xF800, 0xF800, 0xFFFF, 0xFFFF, 0xFFFF, 0xFFFF, 0xFFFF, 0xFFFF,   // 0x0330 (816) pixels
    0xFFFF, 0x0000, 0x0000, 0xFFFF, 0xFFFF, 0xFFFF, 0xFFFF, 0xFFFF, 0xFFFF, 0xFFFF, 0xF800, 0xF800, 0x093F, 0x093F, 0x093F, 0x093F,   // 0x0340 (832) pixels
    0x0000, 0x0000, 0x0000, 0x0000, 0x0000, 0x0000, 0x0000, 0x0000, 0x0000, 0x0000, 0x0000, 0x0000, 0x0000, 0x0000, 0x0000, 0x0000,   // 0x0350 (848) pixels
    0x0000, 0x0000, 0x0000, 0x0000, 0x0000, 0x0000, 0x0000, 0x0000, 0x0000, 0x0000, 0x0000, 0x0000, 0x0000, 0x0000, 0x0000, 0x0000,   // 0x0360 (864) pixels
    0x0000, 0x0000, 0x0000, 0x0000, 0x0000, 0x0000, 0x0000, 0xF800, 0xF800, 0xFFFF, 0xFFFF, 0xFFFF, 0xFFFF, 0xFFFF, 0xFFFF, 0xFFFF,   // 0x0370 (880) pixels
    0xFFFF, 0xFFFF, 0xFFFF, 0xFFFF, 0xFFFF, 0xFFFF, 0xFFFF, 0xFFFF, 0xFFFF, 0xFFFF, 0xFFFF, 0xF800, 0xF800, 0x093F, 0x093F, 0x093F,   // 0x0380 (896) pixels
    0x0000, 0x0000, 0x0000, 0x0000, 0x0000, 0x0000, 0x0000, 0x0000, 0x0000, 0x0000, 0x0000, 0x0000, 0x0000, 0x0000, 0xFFFF, 0x0000,   // 0x0390 (912) pixels
    0x0000, 0x0000, 0xFFFF, 0x0000, 0x0000, 0x0000, 0x0000, 0x0000, 0x0000, 0x0000, 0x0000, 0x0000, 0x0000, 0x0000, 0x0000, 0x0000,   // 0x03A0 (928) pixels
    0x0000, 0x0000, 0x0000, 0x0000, 0x0000, 0x0000, 0xF800, 0xF800, 0xFFFF, 0xFFFF, 0xFFFF, 0xFFFF, 0xFFFF, 0xFFFF, 0xFFFF, 0xFFFF,   // 0x03B0 (944) pixels
    0xFFFF, 0xFFFF, 0xFFFF, 0xFFFF, 0xFFFF, 0xFFFF, 0xFFFF, 0xFFFF, 0xFFFF, 0xFFFF, 0xFFFF, 0xFFFF, 0xF800, 0xF800, 0x093F, 0x093F,   // 0x03C0 (960) pixels
    0x0000, 0x0000, 0x0000, 0x0000, 0x0000, 0x0000, 0x0000, 0x0000, 0x0000, 0x0000, 0x0000, 0x0000, 0x0000, 0xFFFF, 0xFFFF, 0xFFFF,   // 0x03D0 (976) pixels
    0x0000, 0x0000, 0x0000, 0x0000, 0x0000, 0x0000, 0x0000, 0x0000, 0x0000, 0x0000, 0x0000, 0x0000, 0x0000, 0x0000, 0x0000, 0x0000,   // 0x03E0 (992) pixels
    0x0000, 0x0000, 0x0000, 0x0000, 0x0000, 0xF800, 0xF800, 0x0000, 0xFFFF, 0xFFFF, 0xFFFF, 0xFFFF, 0xFFFF, 0xFFFF, 0xFFFF, 0xFFFF,   // 0x03F0 (1008) pixels
    0xFFFF, 0xFFFF, 0xFFFF, 0xFFFF, 0xFFFF, 0xFFFF, 0xFFFF, 0xFFFF, 0xFFFF, 0xFFFF, 0xFFFF, 0xFFFF, 0x0000, 0xF800, 0xF800, 0x093F,   // 0x0400 (1024) pixels
    0x0000, 0x0000, 0x0000, 0x0000, 0x0000, 0x0000, 0x0000, 0x0000, 0x0000, 0x0000, 0x0000, 0x0000, 0x0000, 0xFFFF, 0x0000, 0xFFFF,   // 0x0410 (1040) pixels
    0x0000, 0x0000, 0xFFFF, 0x0000, 0xFFFF, 0xFFFF, 0x0000, 0x0000, 0x0000, 0x0000, 0x0000, 0x0000, 0x0000, 0x0000, 0x0000, 0x0000,   // 0x0420 (1056) pixels
    0x0000, 0x0000, 0x0000, 0x0000, 0x0000, 0x0000, 0x0000, 0x0000, 0xFFFF, 0xFFFF, 0xFFFF, 0xFFFF, 0xFFFF, 0xFFFF, 0xFFFF, 0xFFFF,   // 0x0430 (1072) pixels
    0xFFFF, 0xFFFF, 0xFFFF, 0xFFFF, 0xFFFF, 0xFFFF, 0xFFFF, 0xFFFF, 0xFFFF, 0xFFFF, 0xFFFF, 0xFFFF, 0x0000, 0x093F, 0x093F, 0x093F,   // 0x0440 (1088) pixels
    0x0000, 0x0000, 0x0000, 0x0000, 0x0000, 0x0000, 0x0000, 0x0000, 0x0000, 0x0000, 0x0000, 0x0000, 0x0000, 0xFFFF, 0x0000, 0xFFFF,   // 0x0450 (1104) pixels
    0x0000, 0x0000, 0xFFFF, 0x0000, 0xFFFF, 0x0000, 0x0000, 0x0000, 0x0000, 0x0000, 0x0000, 0x0000, 0x0000, 0x0000, 0x0000, 0x0000,   // 0x0460 (1120) pixels
    0x0000, 0x0000, 0x0000, 0x0000, 0x0000, 0x0000, 0x0000, 0x0000, 0xFFFF, 0xFFFF, 0xFFFF, 0xFFFF, 0xFFFF, 0xFFFF, 0xFFFF, 0xFFFF,   // 0x0470 (1136) pixels
    0xFFFF, 0xFFFF, 0xFFFF, 0xFFFF, 0xFFFF, 0xFFFF, 0xFFFF, 0xFFFF, 0xFFFF, 0xFFFF, 0xFFFF, 0xFFFF, 0x0000, 0x093F, 0x093F, 0x093F,   // 0x0480 (1152) pixels
    0x0000, 0x0000, 0x0000, 0x0000, 0x0000, 0x0000, 0x0000, 0x0000, 0x0000, 0x0000, 0x0000, 0x0000, 0xFFFF, 0xFFFF, 0xFFFF, 0xFFFF,   // 0x0490 (1168) pixels
    0xFFFF, 0x0000, 0xFFFF, 0x0000, 0xFFFF, 0x0000, 0x0000, 0x0000, 0x0000, 0x0000, 0x0000, 0x0000, 0x0000, 0x0000, 0x0000, 0x0000,   // 0x04A0 (1184) pixels
    0x0000, 0x0000, 0x0000, 0x0000, 0x0000, 0x0000, 0x0000, 0x0000, 0xFFFF, 0xFFFF, 0xFFFF, 0xFFFF, 0xFFFF, 0xFFFF, 0xFFFF, 0xFFFF,   // 0x04B0 (1200) pixels
    0xFFFF, 0xFFFF, 0xFFFF, 0xFFFF, 0xFFFF, 0xFFFF, 0xFFFF, 0xFFFF, 0xFFFF, 0xFFFF, 0xFFFF, 0xFFFF, 0x0000, 0x093F, 0x093F, 0x093F,   // 0x04C0 (1216) pixels
    0x0000, 0x0000, 0x0000, 0x0000, 0x0000, 0x0000, 0x0000, 0x0000, 0x0000, 0x0000, 0x0000, 0x0000, 0xFFFF, 0x0000, 0x0000, 0x0000,   // 0x04D0 (1232) pixels
    0xFFFF, 0x0000, 0xFFFF, 0x0000, 0xFFFF, 0x0000, 0x0000, 0x0000, 0x0000, 0x0000, 0x0000, 0x0000, 0x0000, 0x0000, 0x0000, 0x0000,   // 0x04E0 (1248) pixels
    0x0000, 0x0000, 0x0000, 0x0000, 0x0000, 0x0000, 0x0000, 0x0000, 0xFFFF, 0xFFFF, 0xFFFF, 0xFFFF, 0xFFFF, 0xFFFF, 0xFFFF, 0xFFFF,   // 0x04F0 (1264) pixels
    0xFFFF, 0xFFFF, 0xFFFF, 0xFFFF, 0xFFFF, 0xFFFF, 0xFFFF, 0xFFFF, 0xFFFF, 0xFFFF, 0xFFFF, 0xFFFF, 0x0000, 0x093F, 0x093F, 0x093F,   // 0x0500 (1280) pixels
    0x0000, 0x0000, 0x0000, 0x0000, 0x0000, 0x0000, 0x0000, 0x0000, 0x0000, 0x0000, 0x0000, 0x0000, 0xFFFF, 0x0000, 0x0000, 0x0000,   // 0x0510 (1296) pixels
    0xFFFF, 0x0000, 0xFFFF, 0x0000, 0xFFFF, 0x0000, 0x0000, 0x0000, 0x0000, 0x0000, 0x0000, 0x0000, 0x0000, 0x0000, 0x0000, 0x0000,   // 0x0520 (1312) pixels
    0x0000, 0x0000, 0x0000, 0x0000, 0x0000, 0x0000, 0x0000, 0x0000, 0xFFFF, 0xFFFF, 0xFFFF, 0xFFFF, 0xFFFF, 0xFFFF, 0xFFFF, 0xFFFF,   // 0x0530 (1328) pixels
    0xFFFF, 0xFFFF, 0xFFFF, 0xFFFF, 0xFFFF, 0xFFFF, 0xFFFF, 0xFFFF, 0xFFFF, 0xFFFF, 0xFFFF, 0xFFFF, 0x0000, 0x093F, 0x093F, 0x093F,   // 0x0540 (1344) pixels
    0x0000, 0x0000, 0x0000, 0x0000, 0x0000, 0x0000, 0x0000, 0x0000, 0x0000, 0x0000, 0x0000, 0x0000, 0x0000, 0x0000, 0x0000, 0x0000,   // 0x0550 (1360) pixels
    0x0000, 0x0000, 0x0000, 0x0000, 0x0000, 0x0000, 0x0000, 0x0000, 0x0000, 0x0000, 0x0000, 0x0000, 0x0000, 0x0000, 0x0000, 0x0000,   // 0x0560 (1376) pixels
    0x0000, 0x0000, 0x0000, 0x0000, 0x0000, 0x0000, 0x0000, 0x0000, 0xFFFF, 0xFFFF, 0xFFFF, 0xFFFF, 0xFFFF, 0xFFFF, 0xFFFF, 0xFFFF,   // 0x0570 (1392) pixels
    0xFFFF, 0xFFFF, 0xFFFF, 0xFFFF, 0xFFFF, 0xFFFF, 0xFFFF, 0xFFFF, 0xFFFF, 0xFFFF, 0xFFFF, 0xFFFF, 0x0000, 0x093F, 0x093F, 0x093F,   // 0x0580 (1408) pixels
    0x0000, 0x0000, 0x0000, 0x0000, 0x0000, 0x0000, 0x0000, 0x0000, 0x0000, 0x0000, 0x0000, 0x0000, 0x0000, 0x0000, 0xFFFF, 0x0000,   // 0x0590 (1424) pixels
    0x0000, 0x0000, 0x0000, 0x0000, 0x0000, 0x0000, 0x0000, 0x0000, 0x0000, 0x0000, 0x0000, 0x0000, 0x0000, 0x0000, 0x0000, 0x0000,   // 0x05A0 (1440) pixels
    0x0000, 0x0000, 0x0000, 0x0000, 0x0000, 0x0000, 0x0000, 0x0000, 0xFFFF, 0xFFFF, 0xFFFF, 0xFFFF, 0xFFFF, 0xFFFF, 0xFFFF, 0xFFFF,   // 0x05B0 (1456) pixels
    0x0000, 0x0000, 0x0000, 0x0000, 0xFFFF, 0xFFFF, 0xFFFF, 0xFFFF, 0x0000, 0xFFFF, 0xFFFF, 0xFFFF, 0x0000, 0x006C, 0x093F, 0x093F,   // 0x05C0 (1472) pixels
    0x0000, 0x0000, 0xFFFF, 0x0000, 0x0000, 0x0000, 0x0000, 0x0000, 0x0000, 0x0000, 0x0000, 0x0000, 0x0000, 0xFFFF, 0x0000, 0x0000,   // 0x05D0 (1488) pixels
    0x0000, 0x0000, 0x0000, 0x0000, 0xFFFF, 0x0000, 0x0000, 0x0000, 0x0000, 0x0000, 0x0000, 0x0000, 0x0000, 0x0000, 0x0000, 0x0000,   // 0x05E0 (1504) pixels
    0x0000, 0x0000, 0x0000, 0x0000, 0x0000, 0x0000, 0x0000, 0x0000, 0xFFFF, 0xFFFF, 0xFFFF, 0xFFFF, 0xFFFF, 0xFFFF, 0xFFFF, 0xFFFF,   // 0x05F0 (1520) pixels
    0x0000, 0xFFFF, 0xFFFF, 0x0000, 0xFFFF, 0xFFFF, 0xFFFF, 0x0000, 0xFFFF, 0x0000, 0xFFFF, 0xFFFF, 0x0000, 0x0000, 0x0047, 0x011B,   // 0x0600 (1536) pixels
    0x0000, 0x0000, 0xFFFF, 0x0000, 0x0000, 0x0000, 0x0000, 0x0000, 0x0000, 0xFFFF, 0x0000, 0x0000, 0x0000, 0x0000, 0x0000, 0x0000,   // 0x0610 (1552) pixels
    0x0000, 0x0000, 0x0000, 0x0000, 0x0000, 0x0000, 0x0000, 0x0000, 0x0000, 0x0000, 0x0000, 0x0000, 0x0000, 0x0000, 0x0000, 0x0000,   // 0x0620 (1568) pixels
    0x0000, 0x0000, 0x0000, 0x0000, 0x0000, 0x0000, 0x0000, 0x0000, 0xFFFF, 0xFFFF, 0xFFFF, 0xFFFF, 0xFFFF, 0xFFFF, 0xFFFF, 0xFFFF,   // 0x0630 (1584) pixels
    0x0000, 0xFFFF, 0xFFFF, 0x0000, 0xFFFF, 0xFFFF, 0xFFFF, 0xFFFF, 0x0000, 0xFFFF, 0xFFFF, 0xFFFF, 0x0000, 0x0000, 0x0000, 0x0003,   // 0x0640 (1600) pixels
    0x0000, 0x0000, 0xFFFF, 0x0000, 0xFFFF, 0xFFFF, 0xFFFF, 0x0000, 0x0000, 0xFFFF, 0x0000, 0x0000, 0x0000, 0xFFFF, 0xFFFF, 0x0000,   // 0x0650 (1616) pixels
    0x0000, 0xFFFF, 0xFFFF, 0x0000, 0xFFFF, 0x0000, 0x0000, 0xFFFF, 0xFFFF, 0x0000, 0x0000, 0xFFFF, 0x0000, 0x0000, 0xFFFF, 0x0000,   // 0x0660 (1632) pixels
    0xFFFF, 0xFFFF, 0x0000, 0x0000, 0x0000, 0x0000, 0x0000, 0x0000, 0xFFFF, 0xFFFF, 0xFFFF, 0xFFFF, 0xFFFF, 0xFFFF, 0xFFFF, 0xFFFF,   // 0x0670 (1648) pixels
    0x0000, 0xFFFF, 0xFFFF, 0x0000, 0xFFFF, 0xFFFF, 0xFFFF, 0x0000, 0x0000, 0x0000, 0xFFFF, 0xFFFF, 0x0000, 0x0000, 0x0000, 0x0000,   // 0x0680 (1664) pixels
    0x0000, 0x0000, 0xFFFF, 0x0000, 0xFFFF, 0x0000, 0x0000, 0xFFFF, 0x0000, 0xFFFF, 0xFFFF, 0x0000, 0xFFFF, 0x0000, 0x0000, 0xFFFF,   // 0x0690 (1680) pixels
    0x0000, 0xFFFF, 0x0000, 0x0000, 0xFFFF, 0x0000, 0xFFFF, 0x0000, 0x0000, 0xFFFF, 0x0000, 0xFFFF, 0x0000, 0x0000, 0xFFFF, 0x0000,   // 0x06A0 (1696) pixels
    0xFFFF, 0x0000, 0x0000, 0x0000, 0x0000, 0x0000, 0x0000, 0x0000, 0xFFFF, 0xFFFF, 0xFFFF, 0xFFFF, 0xFFFF, 0xFFFF, 0xFFFF, 0xFFFF,   // 0x06B0 (1712) pixels
    0x0000, 0xFFFF, 0xFFFF, 0x0000, 0xFFFF, 0xFFFF, 0xFFFF, 0xFFFF, 0x0000, 0xFFFF, 0xFFFF, 0xFFFF, 0x0000, 0x0000, 0x0000, 0x0000,   // 0x06C0 (1728) pixels
    0x0000, 0x0000, 0xFFFF, 0x0000, 0xFFFF, 0x0000, 0x0000, 0xFFFF, 0x0000, 0xFFFF, 0x0000, 0x0000, 0xFFFF, 0xFFFF, 0xFFFF, 0xFFFF,   // 0x06D0 (1744) pixels
    0x0000, 0xFFFF, 0x0000, 0x0000, 0xFFFF, 0x0000, 0xFFFF, 0xFFFF, 0xFFFF, 0xFFFF, 0x0000, 0xFFFF, 0x0000, 0x0000, 0xFFFF, 0x0000,   // 0x06E0 (1760) pixels
    0xFFFF, 0x0000, 0x0000, 0x0000, 0x0000, 0x0000, 0x0000, 0x0000, 0xFFFF, 0xFFFF, 0xFFFF, 0xFFFF, 0xFFFF, 0xFFFF, 0xFFFF, 0xFFFF,   // 0x06F0 (1776) pixels
    0x0000, 0xFFFF, 0xFFFF, 0x0000, 0xFFFF, 0xFFFF, 0xFFFF, 0x0000, 0x0000, 0x0000, 0xFFFF, 0xFFFF, 0x0000, 0x0000, 0x0000, 0x0000,   // 0x0700 (1792) pixels
    0x0000, 0x0000, 0xFFFF, 0x0000, 0xFFFF, 0x0000, 0x0000, 0xFFFF, 0x0000, 0xFFFF, 0x0000, 0x0000, 0xFFFF, 0x0000, 0x0000, 0x0000,   // 0x0710 (1808) pixels
    0x0000, 0xFFFF, 0x0000, 0x0000, 0xFFFF, 0x0000, 0xFFFF, 0x0000, 0x0000, 0x0000, 0x0000, 0xFFFF, 0x0000, 0xFFFF, 0xFFFF, 0x0000,   // 0x0720 (1824) pixels
    0xFFFF, 0x0000, 0x0000, 0x0000, 0x0000, 0x0000, 0x0000, 0x0000, 0xFFFF, 0xFFFF, 0xFFFF, 0xFFFF, 0xFFFF, 0xFFFF, 0xFFFF, 0xFFFF,   // 0x0730 (1840) pixels
    0x0000, 0xFFFF, 0xFFFF, 0x0000, 0xFFFF, 0xFFFF, 0xFFFF, 0x0000, 0xFFFF, 0x0000, 0xFFFF, 0xFFFF, 0x0000, 0x0000, 0x0000, 0x0000,   // 0x0740 (1856) pixels
    0x0000, 0x0000, 0xFFFF, 0x0000, 0xFFFF, 0x0000, 0x0000, 0xFFFF, 0x0000, 0x0000, 0xFFFF, 0x0000, 0x0000, 0xFFFF, 0xFFFF, 0xFFFF,   // 0x0750 (1872) pixels
    0x0000, 0xFFFF, 0x0000, 0x0000, 0xFFFF, 0x0000, 0x0000, 0xFFFF, 0xFFFF, 0xFFFF, 0x0000, 0xFFFF, 0xFFFF, 0x0000, 0xFFFF, 0x0000,   // 0x0760 (1888) pixels
    0xFFFF, 0x0000, 0x0000, 0x0000, 0x0000, 0x0000, 0x0000, 0x0000, 0xFFFF, 0xFFFF, 0xFFFF, 0xFFFF, 0xFFFF, 0xFFFF, 0xFFFF, 0xFFFF,   // 0x0770 (1904) pixels
    0x0000, 0xFFFF, 0xFFFF, 0x0000, 0xFFFF, 0xFFFF, 0xFFFF, 0x0000, 0xFFFF, 0x0000, 0xFFFF, 0xFFFF, 0x0000, 0x0000, 0x0000, 0x0000,   // 0x0780 (1920) pixels
    0x0000, 0x0000, 0x0000, 0x0000, 0x0000, 0x0000, 0x0000, 0x0000, 0x0000, 0x0000, 0x0000, 0x0000, 0x0000, 0x0000, 0x0000, 0x0000,   // 0x0790 (1936) pixels
    0x0000, 0x0000, 0x0000, 0x0000, 0x0000, 0x0000, 0x0000, 0x0000, 0x0000, 0x0000, 0x0000, 0x0000, 0x0000, 0x0000, 0x0000, 0x0000,   // 0x07A0 (1952) pixels
    0x0000, 0x0000, 0x0000, 0x0000, 0x0000, 0x0000, 0x0000, 0x0000, 0x0000, 0x0000, 0x0000, 0x0000, 0x0000, 0x0000, 0x0000, 0x0000,   // 0x07B0 (1968) pixels
    0x0000, 0x0000, 0x0000, 0x0000, 0x0000, 0x0000, 0x0000, 0x0000, 0x0000, 0x0000, 0x0000, 0x0000, 0x0000, 0x0000, 0x0000, 0x0000,   // 0x07C0 (1984) pixels
    0x0000, 0x0000, 0x0000, 0x0000, 0x0000, 0x0000, 0x0000, 0x0000, 0x0000, 0x0000, 0x0000, 0x0000, 0x0000, 0x0000, 0x0000, 0x0000,   // 0x07D0 (2000) pixels
    0x0000, 0x0000, 0x0000, 0x0000, 0x0000, 0x0000, 0x0000, 0x0000, 0x0000, 0x0000, 0x0000, 0x0000, 0x0000, 0x0000, 0x0000, 0x0000,   // 0x07E0 (2016) pixels
    0x0000, 0x0000, 0x0000, 0x0000, 0x0000, 0x0000, 0x0000, 0x0000, 0x0000, 0x0000, 0x0000, 0x0000, 0x0000, 0x0000, 0x0000, 0x0000,   // 0x07F0 (2032) pixels
    0x0000, 0x0000, 0x0000, 0x0000, 0x0000, 0x0000, 0x0000, 0x0000, 0x0000, 0x0000, 0x0000, 0x0000, 0x0000, 0x0000, 0x0000, 0x0000,   // 0x0800 (2048) pixels
};

// Ecran "mesure air interieur" — version ANGLAISE (importee de ModuleAir-Next-Gen,
// aircarto-logo-common.h:interieur_no_connection_en). Meme format 64x32 RGB565.
// 'const' on purpose: keeps this 4 KB bitmap in flash (.rodata) instead of DRAM,
// unlike the legacy non-const image arrays above — adding it to RAM overflowed
// dram0. drawImage() already takes a const pointer so this is a drop-in.
static const uint16_t interieur_no_connection_en[] = {
0x0000, 0x0000, 0x0000, 0x0000, 0x0000, 0x0000, 0x0000, 0x0000, 0x0000, 0x0000, 0x0000, 0x0047, 0x008E, 0x00D4, 0x011B, 0x093F,   // 0x0010 (16) pixels
0x093F, 0x093F, 0x093F, 0x093F, 0x093F, 0x093F, 0x093F, 0x093F, 0x093F, 0x093F, 0x093F, 0x093F, 0x093F, 0x093F, 0x093F, 0x093F,   // 0x0020 (32) pixels
0x093F, 0x093F, 0x093F, 0x093F, 0x093F, 0x093F, 0x093F, 0x093F, 0x093F, 0x093F, 0x093F, 0x093F, 0x093F, 0x093F, 0x093F, 0x093F,   // 0x0030 (48) pixels
0x093F, 0x093F, 0x093F, 0x093F, 0x093F, 0x093F, 0x093F, 0x093F, 0x093F, 0x093F, 0x093F, 0x093F, 0x093F, 0x093F, 0x093F, 0x093F,   // 0x0040 (64) pixels
0x0000, 0x0000, 0x0000, 0x0000, 0x0000, 0x0000, 0x0000, 0x0000, 0x0000, 0x0000, 0x0000, 0x0000, 0x0000, 0x0000, 0x0000, 0x0024,   // 0x0050 (80) pixels
0x006B, 0x00B3, 0x011B, 0x093F, 0x093F, 0x093F, 0x093F, 0x093F, 0x093F, 0x093F, 0x093F, 0x093F, 0x093F, 0x093F, 0x093F, 0x093F,   // 0x0060 (96) pixels
0x093F, 0x093F, 0x093F, 0x093F, 0x093F, 0x093F, 0x093F, 0x093F, 0x093F, 0x093F, 0x093F, 0x093F, 0x093F, 0x093F, 0x093F, 0x093F,   // 0x0070 (112) pixels
0x093F, 0x093F, 0x093F, 0x093F, 0x093F, 0x093F, 0x093F, 0x093F, 0x093F, 0x093F, 0x093F, 0x093F, 0x093F, 0x093F, 0x093F, 0x093F,   // 0x0080 (128) pixels
0x0000, 0x0000, 0x0000, 0x0000, 0x0000, 0x0000, 0x0000, 0x0000, 0x0000, 0x0000, 0x0000, 0x0000, 0x0000, 0x0000, 0x0000, 0x0000,   // 0x0090 (144) pixels
0x0000, 0x0000, 0x0000, 0x0024, 0x006D, 0x00D5, 0x093E, 0x093F, 0x093F, 0x093F, 0x093F, 0x093F, 0x093F, 0x093F, 0x093F, 0x093F,   // 0x00A0 (160) pixels
0x093F, 0x093F, 0x093F, 0x093F, 0x093F, 0x093F, 0x093F, 0x093F, 0x093F, 0x093F, 0x093F, 0x093F, 0x093F, 0x093F, 0x093F, 0x093F,   // 0x00B0 (176) pixels
0x093F, 0x093F, 0x093F, 0x093F, 0x093F, 0x093F, 0x093F, 0x093F, 0x093F, 0x093F, 0x093F, 0x093F, 0x093F, 0x093F, 0x093F, 0x093F,   // 0x00C0 (192) pixels
0x0000, 0x0000, 0x0000, 0x0000, 0x0000, 0x0000, 0x0000, 0x0000, 0x0000, 0x0000, 0x0000, 0x0000, 0x0000, 0x0000, 0x0000, 0x0000,   // 0x00D0 (208) pixels
0x0000, 0x0000, 0x0000, 0x0000, 0x0000, 0x0000, 0x0000, 0x0049, 0x00B2, 0x011B, 0x093F, 0x093F, 0x093F, 0x093F, 0x093F, 0x093F,   // 0x00E0 (224) pixels
0x093F, 0x093F, 0x093F, 0x093F, 0x093F, 0x093F, 0x093F, 0x093F, 0x093F, 0x093F, 0x093F, 0x093F, 0x093F, 0x093F, 0x093F, 0x093F,   // 0x00F0 (240) pixels
0x093F, 0xF800, 0xF800, 0x093F, 0x093F, 0x093F, 0x093F, 0x093F, 0x093F, 0x093F, 0x093F, 0x093F, 0x093F, 0x093F, 0x093F, 0x093F,   // 0x0100 (256) pixels
0x0000, 0x0000, 0x0000, 0x0000, 0x0000, 0xFFFF, 0x0000, 0x0000, 0x0000, 0x0000, 0x0000, 0x0000, 0x0000, 0x0000, 0x0000, 0xFFFF,   // 0x0110 (272) pixels
0x0000, 0x0000, 0x0000, 0x0000, 0x0000, 0x0000, 0x0000, 0x0000, 0x0000, 0x0000, 0x0047, 0x00B1, 0x011B, 0x093F, 0x093F, 0x093F,   // 0x0120 (288) pixels
0x093F, 0x093F, 0x093F, 0x093F, 0x093F, 0x093F, 0x093F, 0x093F, 0x093F, 0x093F, 0x093F, 0x093F, 0x093F, 0x093F, 0x093F, 0x093F,   // 0x0130 (304) pixels
0xF800, 0xF800, 0xF800, 0xF800, 0x093F, 0x093F, 0x0000, 0x0000, 0x0000, 0x0000, 0x093F, 0x093F, 0x093F, 0x093F, 0x093F, 0x093F,   // 0x0140 (320) pixels
0x0000, 0x0000, 0x0000, 0x0000, 0x0000, 0xFFFF, 0x0000, 0x0000, 0x0000, 0x0000, 0x0000, 0x0000, 0x0000, 0x0000, 0x0000, 0xFFFF,   // 0x0150 (336) pixels
0x0000, 0x0000, 0x0000, 0x0000, 0x0000, 0x0000, 0x0000, 0x0000, 0x0000, 0x0000, 0x0000, 0x0000, 0x0000, 0x0048, 0x00B2, 0x011D,   // 0x0160 (352) pixels
0x093F, 0x093F, 0x093F, 0x093F, 0x093F, 0x093F, 0x093F, 0x093F, 0x093F, 0x093F, 0x093F, 0x093F, 0x093F, 0x093F, 0x093F, 0xF800,   // 0x0170 (368) pixels
0xF800, 0xFFFF, 0xFFFF, 0xF800, 0xF800, 0x093F, 0x0000, 0xFFFF, 0xFFFF, 0x0000, 0x093F, 0x093F, 0x093F, 0x093F, 0x093F, 0x093F,   // 0x0180 (384) pixels
0x0000, 0x0000, 0x0000, 0x0000, 0x0000, 0xFFFF, 0x0000, 0xFFFF, 0xFFFF, 0xFFFF, 0x0000, 0x0000, 0x0000, 0xFFFF, 0xFFFF, 0xFFFF,   // 0x0190 (400) pixels
0x0000, 0x0000, 0xFFFF, 0xFFFF, 0x0000, 0x0000, 0x0000, 0xFFFF, 0xFFFF, 0x0000, 0x0000, 0x0000, 0xFFFF, 0xFFFF, 0x0000, 0x0000,   // 0x01A0 (416) pixels
0x0000, 0x00B2, 0x011D, 0x093F, 0x093F, 0x093F, 0x093F, 0x093F, 0x093F, 0x093F, 0x093F, 0x093F, 0x093F, 0x093F, 0xF800, 0xF800,   // 0x01B0 (432) pixels
0xFFFF, 0xFFFF, 0xFFFF, 0xFFFF, 0xF800, 0xF800, 0x0000, 0xFFFF, 0xFFFF, 0x0000, 0x093F, 0x093F, 0x093F, 0x093F, 0x093F, 0x093F,   // 0x01C0 (448) pixels
0x0000, 0x0000, 0x0000, 0x0000, 0x0000, 0xFFFF, 0x0000, 0xFFFF, 0x0000, 0x0000, 0xFFFF, 0x0000, 0xFFFF, 0x0000, 0x0000, 0xFFFF,   // 0x01D0 (464) pixels
0x0000, 0xFFFF, 0x0000, 0x0000, 0xFFFF, 0x0000, 0xFFFF, 0x0000, 0x0000, 0xFFFF, 0x0000, 0xFFFF, 0x0000, 0x0000, 0x0000, 0x0000,   // 0x01E0 (480) pixels
0x0000, 0x0000, 0x0000, 0x0090, 0x011C, 0x093F, 0x093F, 0x093F, 0x093F, 0x093F, 0x093F, 0x093F, 0x093F, 0xF800, 0xF800, 0xFFFF,   // 0x01F0 (496) pixels
0xFFFF, 0xFFFF, 0xFFFF, 0xFFFF, 0xFFFF, 0xF800, 0xF800, 0xFFFF, 0xFFFF, 0x0000, 0x093F, 0x093F, 0x093F, 0x093F, 0x093F, 0x093F,   // 0x0200 (512) pixels
0x0000, 0x0000, 0x0000, 0x0000, 0x0000, 0xFFFF, 0x0000, 0xFFFF, 0x0000, 0x0000, 0xFFFF, 0x0000, 0xFFFF, 0x0000, 0x0000, 0xFFFF,   // 0x0210 (528) pixels
0x0000, 0xFFFF, 0x0000, 0x0000, 0xFFFF, 0x0000, 0xFFFF, 0x0000, 0x0000, 0xFFFF, 0x0000, 0xFFFF, 0x0000, 0x0000, 0x0000, 0x0000,   // 0x0220 (544) pixels
0x0000, 0x0000, 0x0000, 0x0000, 0x0000, 0x006B, 0x00F8, 0x093F, 0x093F, 0x093F, 0x093F, 0x093F, 0xF800, 0xF800, 0xFFFF, 0xFFFF,   // 0x0230 (560) pixels
0xFFFF, 0xFFFF, 0xFFFF, 0xFFFF, 0xFFFF, 0xFFFF, 0xF800, 0xF800, 0xFFFF, 0x0000, 0x093F, 0x093F, 0x093F, 0x093F, 0x093F, 0x093F,   // 0x0240 (576) pixels
0x0000, 0x0000, 0x0000, 0x0000, 0x0000, 0xFFFF, 0x0000, 0xFFFF, 0x0000, 0x0000, 0xFFFF, 0x0000, 0xFFFF, 0x0000, 0x0000, 0xFFFF,   // 0x0250 (592) pixels
0x0000, 0xFFFF, 0x0000, 0x0000, 0xFFFF, 0x0000, 0xFFFF, 0x0000, 0x0000, 0xFFFF, 0x0000, 0xFFFF, 0x0000, 0x0000, 0x0000, 0x0000,   // 0x0260 (608) pixels
0x0000, 0x0000, 0x0000, 0x0000, 0x0000, 0x0000, 0x0000, 0x0048, 0x00D5, 0x093F, 0x093F, 0xF800, 0xF800, 0xFFFF, 0xFFFF, 0xFFFF,   // 0x0270 (624) pixels
0xFFFF, 0x0000, 0x0000, 0xFFFF, 0xFFFF, 0xFFFF, 0xFFFF, 0xF800, 0xF800, 0x0000, 0x093F, 0x093F, 0x093F, 0x093F, 0x093F, 0x093F,   // 0x0280 (640) pixels
0x0000, 0x0000, 0x0000, 0x0000, 0x0000, 0xFFFF, 0x0000, 0xFFFF, 0x0000, 0x0000, 0xFFFF, 0x0000, 0x0000, 0xFFFF, 0xFFFF, 0x0000,   // 0x0290 (656) pixels
0x0000, 0x0000, 0xFFFF, 0xFFFF, 0x0000, 0x0000, 0x0000, 0xFFFF, 0xFFFF, 0x0000, 0x0000, 0xFFFF, 0x0000, 0x0000, 0x0000, 0x0000,   // 0x02A0 (672) pixels
0x0000, 0x0000, 0x0000, 0x0000, 0x0000, 0x0000, 0x0000, 0x0000, 0x0000, 0x0026, 0xF800, 0xF800, 0xFFFF, 0xFFFF, 0xFFFF, 0xFFFF,   // 0x02B0 (688) pixels
0x0000, 0x093F, 0x093F, 0x0000, 0xFFFF, 0xFFFF, 0xFFFF, 0xFFFF, 0xF800, 0xF800, 0x093F, 0x093F, 0x093F, 0x093F, 0x093F, 0x093F,   // 0x02C0 (704) pixels
0x0000, 0x0000, 0x0000, 0x0000, 0x0000, 0x0000, 0x0000, 0x0000, 0x0000, 0x0000, 0x0000, 0x0000, 0x0000, 0x0000, 0x0000, 0x0000,   // 0x02D0 (720) pixels
0x0000, 0x0000, 0x0000, 0x0000, 0x0000, 0x0000, 0x0000, 0x0000, 0x0000, 0x0000, 0x0000, 0x0000, 0x0000, 0x0000, 0x0000, 0x0000,   // 0x02E0 (736) pixels
0x0000, 0x0000, 0x0000, 0x0000, 0x0000, 0x0000, 0x0000, 0x0000, 0x0000, 0xF800, 0xF800, 0xFFFF, 0xFFFF, 0xFFFF, 0xFFFF, 0xFFFF,   // 0x02F0 (752) pixels
0x0000, 0x093F, 0x093F, 0x0000, 0xFFFF, 0xFFFF, 0xFFFF, 0xFFFF, 0xFFFF, 0xF800, 0xF800, 0x093F, 0x093F, 0x093F, 0x093F, 0x093F,   // 0x0300 (768) pixels
0x0000, 0x0000, 0x0000, 0x0000, 0x0000, 0x0000, 0x0000, 0x0000, 0x0000, 0x0000, 0x0000, 0x0000, 0x0000, 0x0000, 0x0000, 0x0000,   // 0x0310 (784) pixels
0x0000, 0x0000, 0x0000, 0x0000, 0x0000, 0x0000, 0x0000, 0x0000, 0x0000, 0x0000, 0x0000, 0x0000, 0x0000, 0x0000, 0x0000, 0x0000,   // 0x0320 (800) pixels
0x0000, 0x0000, 0x0000, 0x0000, 0x0000, 0x0000, 0x0000, 0x0000, 0xF800, 0xF800, 0xFFFF, 0xFFFF, 0xFFFF, 0xFFFF, 0xFFFF, 0xFFFF,   // 0x0330 (816) pixels
0xFFFF, 0x0000, 0x0000, 0xFFFF, 0xFFFF, 0xFFFF, 0xFFFF, 0xFFFF, 0xFFFF, 0xFFFF, 0xF800, 0xF800, 0x093F, 0x093F, 0x093F, 0x093F,   // 0x0340 (832) pixels
0x0000, 0x0000, 0x0000, 0x0000, 0x0000, 0x0000, 0x0000, 0x0000, 0x0000, 0x0000, 0x0000, 0x0000, 0x0000, 0x0000, 0x0000, 0x0000,   // 0x0350 (848) pixels
0x0000, 0xFFFF, 0x0000, 0x0000, 0x0000, 0x0000, 0x0000, 0x0000, 0x0000, 0x0000, 0x0000, 0x0000, 0x0000, 0x0000, 0x0000, 0x0000,   // 0x0360 (864) pixels
0x0000, 0x0000, 0x0000, 0x0000, 0x0000, 0x0000, 0x0000, 0xF800, 0xF800, 0xFFFF, 0xFFFF, 0xFFFF, 0xFFFF, 0xFFFF, 0xFFFF, 0xFFFF,   // 0x0370 (880) pixels
0xFFFF, 0xFFFF, 0xFFFF, 0xFFFF, 0xFFFF, 0xFFFF, 0xFFFF, 0xFFFF, 0xFFFF, 0xFFFF, 0xFFFF, 0xF800, 0xF800, 0x093F, 0x093F, 0x093F,   // 0x0380 (896) pixels
0x0000, 0x0000, 0x0000, 0x0000, 0x0000, 0x0000, 0x0000, 0x0000, 0x0000, 0x0000, 0x0000, 0x0000, 0x0000, 0x0000, 0x0000, 0x0000,   // 0x0390 (912) pixels
0x0000, 0x0000, 0x0000, 0x0000, 0x0000, 0x0000, 0x0000, 0x0000, 0x0000, 0x0000, 0x0000, 0x0000, 0x0000, 0x0000, 0x0000, 0x0000,   // 0x03A0 (928) pixels
0x0000, 0x0000, 0x0000, 0x0000, 0x0000, 0x0000, 0xF800, 0xF800, 0xFFFF, 0xFFFF, 0xFFFF, 0xFFFF, 0xFFFF, 0xFFFF, 0xFFFF, 0xFFFF,   // 0x03B0 (944) pixels
0xFFFF, 0xFFFF, 0xFFFF, 0xFFFF, 0xFFFF, 0xFFFF, 0xFFFF, 0xFFFF, 0xFFFF, 0xFFFF, 0xFFFF, 0xFFFF, 0xF800, 0xF800, 0x093F, 0x093F,   // 0x03C0 (960) pixels
0x0000, 0x0000, 0x0000, 0x0000, 0x0000, 0x0000, 0x0000, 0x0000, 0x0000, 0x0000, 0x0000, 0x0000, 0xFFFF, 0xFFFF, 0xFFFF, 0x0000,   // 0x03D0 (976) pixels
0x0000, 0xFFFF, 0x0000, 0x0000, 0xFFFF, 0xFFFF, 0x0000, 0x0000, 0x0000, 0x0000, 0x0000, 0x0000, 0x0000, 0x0000, 0x0000, 0x0000,   // 0x03E0 (992) pixels
0x0000, 0x0000, 0x0000, 0x0000, 0x0000, 0xF800, 0xF800, 0x0000, 0xFFFF, 0xFFFF, 0xFFFF, 0xFFFF, 0xFFFF, 0xFFFF, 0xFFFF, 0xFFFF,   // 0x03F0 (1008) pixels
0xFFFF, 0xFFFF, 0xFFFF, 0xFFFF, 0xFFFF, 0xFFFF, 0xFFFF, 0xFFFF, 0xFFFF, 0xFFFF, 0xFFFF, 0xFFFF, 0x0000, 0xF800, 0xF800, 0x093F,   // 0x0400 (1024) pixels
0x0000, 0x0000, 0x0000, 0x0000, 0x0000, 0x0000, 0x0000, 0x0000, 0x0000, 0x0000, 0x0000, 0x0000, 0x0000, 0x0000, 0x0000, 0xFFFF,   // 0x0410 (1040) pixels
0x0000, 0xFFFF, 0x0000, 0xFFFF, 0x0000, 0x0000, 0x0000, 0x0000, 0x0000, 0x0000, 0x0000, 0x0000, 0x0000, 0x0000, 0x0000, 0x0000,   // 0x0420 (1056) pixels
0x0000, 0x0000, 0x0000, 0x0000, 0x0000, 0x0000, 0x0000, 0x0000, 0xFFFF, 0xFFFF, 0xFFFF, 0xFFFF, 0xFFFF, 0xFFFF, 0xFFFF, 0xFFFF,   // 0x0430 (1072) pixels
0xFFFF, 0xFFFF, 0xFFFF, 0xFFFF, 0xFFFF, 0xFFFF, 0xFFFF, 0xFFFF, 0xFFFF, 0xFFFF, 0xFFFF, 0xFFFF, 0x0000, 0x093F, 0x093F, 0x093F,   // 0x0440 (1088) pixels
0x0000, 0x0000, 0x0000, 0x0000, 0x0000, 0x0000, 0x0000, 0x0000, 0x0000, 0x0000, 0x0000, 0x0000, 0xFFFF, 0xFFFF, 0xFFFF, 0xFFFF,   // 0x0450 (1104) pixels
0x0000, 0xFFFF, 0x0000, 0xFFFF, 0x0000, 0x0000, 0x0000, 0x0000, 0x0000, 0x0000, 0x0000, 0x0000, 0x0000, 0x0000, 0x0000, 0x0000,   // 0x0460 (1120) pixels
0x0000, 0x0000, 0x0000, 0x0000, 0x0000, 0x0000, 0x0000, 0x0000, 0xFFFF, 0xFFFF, 0xFFFF, 0xFFFF, 0xFFFF, 0xFFFF, 0xFFFF, 0xFFFF,   // 0x0470 (1136) pixels
0xFFFF, 0xFFFF, 0xFFFF, 0xFFFF, 0xFFFF, 0xFFFF, 0xFFFF, 0xFFFF, 0xFFFF, 0xFFFF, 0xFFFF, 0xFFFF, 0x0000, 0x093F, 0x093F, 0x093F,   // 0x0480 (1152) pixels
0x0000, 0x0000, 0x0000, 0x0000, 0x0000, 0x0000, 0x0000, 0x0000, 0x0000, 0x0000, 0x0000, 0x0000, 0xFFFF, 0x0000, 0x0000, 0xFFFF,   // 0x0490 (1168) pixels
0x0000, 0xFFFF, 0x0000, 0xFFFF, 0x0000, 0x0000, 0x0000, 0x0000, 0x0000, 0x0000, 0x0000, 0x0000, 0x0000, 0x0000, 0x0000, 0x0000,   // 0x04A0 (1184) pixels
0x0000, 0x0000, 0x0000, 0x0000, 0x0000, 0x0000, 0x0000, 0x0000, 0xFFFF, 0xFFFF, 0xFFFF, 0xFFFF, 0xFFFF, 0xFFFF, 0xFFFF, 0xFFFF,   // 0x04B0 (1200) pixels
0xFFFF, 0xFFFF, 0xFFFF, 0xFFFF, 0xFFFF, 0xFFFF, 0xFFFF, 0xFFFF, 0xFFFF, 0xFFFF, 0xFFFF, 0xFFFF, 0x0000, 0x093F, 0x093F, 0x093F,   // 0x04C0 (1216) pixels
0x0000, 0x0000, 0x0000, 0x0000, 0x0000, 0x0000, 0x0000, 0x0000, 0x0000, 0x0000, 0x0000, 0x0000, 0x0000, 0xFFFF, 0xFFFF, 0x0000,   // 0x04D0 (1232) pixels
0x0000, 0xFFFF, 0x0000, 0xFFFF, 0x0000, 0x0000, 0x0000, 0x0000, 0x0000, 0x0000, 0x0000, 0x0000, 0x0000, 0x0000, 0x0000, 0x0000,   // 0x04E0 (1248) pixels
0x0000, 0x0000, 0x0000, 0x0000, 0x0000, 0x0000, 0x0000, 0x0000, 0xFFFF, 0xFFFF, 0xFFFF, 0xFFFF, 0xFFFF, 0xFFFF, 0xFFFF, 0xFFFF,   // 0x04F0 (1264) pixels
0xFFFF, 0xFFFF, 0xFFFF, 0xFFFF, 0xFFFF, 0xFFFF, 0xFFFF, 0xFFFF, 0xFFFF, 0xFFFF, 0xFFFF, 0xFFFF, 0x0000, 0x093F, 0x093F, 0x093F,   // 0x0500 (1280) pixels
0x0000, 0x0000, 0x0000, 0x0000, 0x0000, 0x0000, 0x0000, 0x0000, 0x0000, 0x0000, 0x0000, 0x0000, 0x0000, 0x0000, 0x0000, 0x0000,   // 0x0510 (1296) pixels
0x0000, 0x0000, 0x0000, 0x0000, 0x0000, 0x0000, 0x0000, 0x0000, 0x0000, 0x0000, 0x0000, 0x0000, 0x0000, 0x0000, 0x0000, 0x0000,   // 0x0520 (1312) pixels
0x0000, 0x0000, 0x0000, 0x0000, 0x0000, 0x0000, 0x0000, 0x0000, 0xFFFF, 0xFFFF, 0xFFFF, 0xFFFF, 0xFFFF, 0xFFFF, 0xFFFF, 0xFFFF,   // 0x0530 (1328) pixels
0xFFFF, 0xFFFF, 0xFFFF, 0xFFFF, 0xFFFF, 0xFFFF, 0xFFFF, 0xFFFF, 0xFFFF, 0xFFFF, 0xFFFF, 0xFFFF, 0x0000, 0x093F, 0x093F, 0x093F,   // 0x0540 (1344) pixels
0x0000, 0x0000, 0x0000, 0x0000, 0x0000, 0x0000, 0x0000, 0x0000, 0x0000, 0x0000, 0x0000, 0x0000, 0x0000, 0x0000, 0x0000, 0x0000,   // 0x0550 (1360) pixels
0x0000, 0x0000, 0x0000, 0x0000, 0x0000, 0x0000, 0x0000, 0x0000, 0x0000, 0x0000, 0x0000, 0x0000, 0x0000, 0x0000, 0x0000, 0x0000,   // 0x0560 (1376) pixels
0x0000, 0x0000, 0x0000, 0x0000, 0x0000, 0x0000, 0x0000, 0x0000, 0xFFFF, 0xFFFF, 0xFFFF, 0xFFFF, 0xFFFF, 0xFFFF, 0xFFFF, 0xFFFF,   // 0x0570 (1392) pixels
0xFFFF, 0xFFFF, 0xFFFF, 0xFFFF, 0xFFFF, 0xFFFF, 0xFFFF, 0xFFFF, 0xFFFF, 0xFFFF, 0xFFFF, 0xFFFF, 0x0000, 0x093F, 0x093F, 0x093F,   // 0x0580 (1408) pixels
0x0000, 0x0000, 0x0000, 0x0000, 0x0000, 0x0000, 0x0000, 0x0000, 0x0000, 0x0000, 0x0000, 0x0000, 0x0000, 0x0000, 0x0000, 0x0000,   // 0x0590 (1424) pixels
0x0000, 0x0000, 0x0000, 0xFFFF, 0x0000, 0xFFFF, 0x0000, 0x0000, 0x0000, 0x0000, 0x0000, 0x0000, 0x0000, 0x0000, 0x0000, 0x0000,   // 0x05A0 (1440) pixels
0x0000, 0x0000, 0x0000, 0x0000, 0x0000, 0x0000, 0x0000, 0x0000, 0xFFFF, 0xFFFF, 0xFFFF, 0xFFFF, 0xFFFF, 0xFFFF, 0xFFFF, 0xFFFF,   // 0x05B0 (1456) pixels
0x0000, 0x0000, 0x0000, 0x0000, 0xFFFF, 0xFFFF, 0xFFFF, 0xFFFF, 0x0000, 0xFFFF, 0xFFFF, 0xFFFF, 0x0000, 0x006C, 0x093F, 0x093F,   // 0x05C0 (1472) pixels
0x0000, 0x0000, 0x0000, 0x0000, 0x0000, 0x0000, 0x0000, 0x0000, 0x0000, 0x0000, 0x0000, 0x0000, 0x0000, 0x0000, 0x0000, 0x0000,   // 0x05D0 (1488) pixels
0x0000, 0x0000, 0x0000, 0xFFFF, 0x0000, 0x0000, 0x0000, 0xFFFF, 0x0000, 0x0000, 0x0000, 0x0000, 0x0000, 0x0000, 0x0000, 0x0000,   // 0x05E0 (1504) pixels
0x0000, 0x0000, 0x0000, 0x0000, 0x0000, 0x0000, 0x0000, 0x0000, 0xFFFF, 0xFFFF, 0xFFFF, 0xFFFF, 0xFFFF, 0xFFFF, 0xFFFF, 0xFFFF,   // 0x05F0 (1520) pixels
0x0000, 0xFFFF, 0xFFFF, 0x0000, 0xFFFF, 0xFFFF, 0xFFFF, 0x0000, 0xFFFF, 0x0000, 0xFFFF, 0xFFFF, 0x0000, 0x0000, 0x0047, 0x011B,   // 0x0600 (1536) pixels
0x0000, 0x0000, 0x0000, 0x0000, 0x0000, 0xFFFF, 0xFFFF, 0x0000, 0x0000, 0xFFFF, 0x0000, 0x0000, 0xFFFF, 0x0000, 0xFFFF, 0xFFFF,   // 0x0610 (1552) pixels
0xFFFF, 0x0000, 0x0000, 0xFFFF, 0x0000, 0xFFFF, 0x0000, 0xFFFF, 0x0000, 0x0000, 0x0000, 0x0000, 0x0000, 0x0000, 0x0000, 0x0000,   // 0x0620 (1568) pixels
0x0000, 0x0000, 0x0000, 0x0000, 0x0000, 0x0000, 0x0000, 0x0000, 0xFFFF, 0xFFFF, 0xFFFF, 0xFFFF, 0xFFFF, 0xFFFF, 0xFFFF, 0xFFFF,   // 0x0630 (1584) pixels
0x0000, 0xFFFF, 0xFFFF, 0x0000, 0xFFFF, 0xFFFF, 0xFFFF, 0xFFFF, 0x0000, 0xFFFF, 0xFFFF, 0xFFFF, 0x0000, 0x0000, 0x0000, 0x0003,   // 0x0640 (1600) pixels
0x0000, 0x0000, 0x0000, 0x0000, 0xFFFF, 0x0000, 0x0000, 0xFFFF, 0x0000, 0xFFFF, 0x0000, 0x0000, 0xFFFF, 0x0000, 0x0000, 0x0000,   // 0x0650 (1616) pixels
0x0000, 0xFFFF, 0x0000, 0xFFFF, 0x0000, 0xFFFF, 0x0000, 0xFFFF, 0xFFFF, 0xFFFF, 0x0000, 0xFFFF, 0x0000, 0x0000, 0xFFFF, 0x0000,   // 0x0660 (1632) pixels
0x0000, 0x0000, 0x0000, 0x0000, 0x0000, 0x0000, 0x0000, 0x0000, 0xFFFF, 0xFFFF, 0xFFFF, 0xFFFF, 0xFFFF, 0xFFFF, 0xFFFF, 0xFFFF,   // 0x0670 (1648) pixels
0x0000, 0xFFFF, 0xFFFF, 0x0000, 0xFFFF, 0xFFFF, 0xFFFF, 0x0000, 0x0000, 0x0000, 0xFFFF, 0xFFFF, 0x0000, 0x0000, 0x0000, 0x0000,   // 0x0680 (1664) pixels
0x0000, 0x0000, 0x0000, 0x0000, 0xFFFF, 0x0000, 0x0000, 0xFFFF, 0x0000, 0xFFFF, 0x0000, 0x0000, 0xFFFF, 0x0000, 0xFFFF, 0xFFFF,   // 0x0690 (1680) pixels
0xFFFF, 0xFFFF, 0x0000, 0xFFFF, 0x0000, 0xFFFF, 0x0000, 0xFFFF, 0x0000, 0x0000, 0x0000, 0xFFFF, 0x0000, 0x0000, 0xFFFF, 0x0000,   // 0x06A0 (1696) pixels
0x0000, 0x0000, 0x0000, 0x0000, 0x0000, 0x0000, 0x0000, 0x0000, 0xFFFF, 0xFFFF, 0xFFFF, 0xFFFF, 0xFFFF, 0xFFFF, 0xFFFF, 0xFFFF,   // 0x06B0 (1712) pixels
0x0000, 0xFFFF, 0xFFFF, 0x0000, 0xFFFF, 0xFFFF, 0xFFFF, 0xFFFF, 0x0000, 0xFFFF, 0xFFFF, 0xFFFF, 0x0000, 0x0000, 0x0000, 0x0000,   // 0x06C0 (1728) pixels
0x0000, 0x0000, 0x0000, 0x0000, 0xFFFF, 0x0000, 0x0000, 0xFFFF, 0x0000, 0xFFFF, 0x0000, 0xFFFF, 0xFFFF, 0x0000, 0xFFFF, 0x0000,   // 0x06D0 (1744) pixels
0x0000, 0xFFFF, 0x0000, 0xFFFF, 0x0000, 0xFFFF, 0x0000, 0xFFFF, 0x0000, 0x0000, 0x0000, 0xFFFF, 0x0000, 0x0000, 0xFFFF, 0x0000,   // 0x06E0 (1760) pixels
0x0000, 0x0000, 0x0000, 0x0000, 0x0000, 0x0000, 0x0000, 0x0000, 0xFFFF, 0xFFFF, 0xFFFF, 0xFFFF, 0xFFFF, 0xFFFF, 0xFFFF, 0xFFFF,   // 0x06F0 (1776) pixels
0x0000, 0xFFFF, 0xFFFF, 0x0000, 0xFFFF, 0xFFFF, 0xFFFF, 0x0000, 0x0000, 0x0000, 0xFFFF, 0xFFFF, 0x0000, 0x0000, 0x0000, 0x0000,   // 0x0700 (1792) pixels
0x0000, 0x0000, 0x0000, 0x0000, 0x0000, 0xFFFF, 0xFFFF, 0xFFFF, 0x0000, 0xFFFF, 0xFFFF, 0x0000, 0xFFFF, 0x0000, 0x0000, 0xFFFF,   // 0x0710 (1808) pixels
0xFFFF, 0x0000, 0x0000, 0xFFFF, 0x0000, 0xFFFF, 0x0000, 0x0000, 0xFFFF, 0xFFFF, 0x0000, 0x0000, 0xFFFF, 0xFFFF, 0xFFFF, 0x0000,   // 0x0720 (1824) pixels
0x0000, 0x0000, 0x0000, 0x0000, 0x0000, 0x0000, 0x0000, 0x0000, 0xFFFF, 0xFFFF, 0xFFFF, 0xFFFF, 0xFFFF, 0xFFFF, 0xFFFF, 0xFFFF,   // 0x0730 (1840) pixels
0x0000, 0xFFFF, 0xFFFF, 0x0000, 0xFFFF, 0xFFFF, 0xFFFF, 0x0000, 0xFFFF, 0x0000, 0xFFFF, 0xFFFF, 0x0000, 0x0000, 0x0000, 0x0000,   // 0x0740 (1856) pixels
0x0000, 0x0000, 0x0000, 0x0000, 0x0000, 0x0000, 0x0000, 0xFFFF, 0x0000, 0x0000, 0x0000, 0x0000, 0x0000, 0x0000, 0x0000, 0x0000,   // 0x0750 (1872) pixels
0x0000, 0x0000, 0x0000, 0x0000, 0x0000, 0x0000, 0x0000, 0x0000, 0x0000, 0x0000, 0x0000, 0x0000, 0x0000, 0x0000, 0xFFFF, 0x0000,   // 0x0760 (1888) pixels
0x0000, 0x0000, 0x0000, 0x0000, 0x0000, 0x0000, 0x0000, 0x0000, 0xFFFF, 0xFFFF, 0xFFFF, 0xFFFF, 0xFFFF, 0xFFFF, 0xFFFF, 0xFFFF,   // 0x0770 (1904) pixels
0x0000, 0xFFFF, 0xFFFF, 0x0000, 0xFFFF, 0xFFFF, 0xFFFF, 0x0000, 0xFFFF, 0x0000, 0xFFFF, 0xFFFF, 0x0000, 0x0000, 0x0000, 0x0000,   // 0x0780 (1920) pixels
0x0000, 0x0000, 0x0000, 0x0000, 0x0000, 0x0000, 0x0000, 0xFFFF, 0x0000, 0x0000, 0x0000, 0x0000, 0x0000, 0x0000, 0x0000, 0x0000,   // 0x0790 (1936) pixels
0x0000, 0x0000, 0x0000, 0x0000, 0x0000, 0x0000, 0x0000, 0x0000, 0x0000, 0x0000, 0x0000, 0x0000, 0x0000, 0x0000, 0xFFFF, 0x0000,   // 0x07A0 (1952) pixels
0x0000, 0x0000, 0x0000, 0x0000, 0x0000, 0x0000, 0x0000, 0x0000, 0x0000, 0x0000, 0x0000, 0x0000, 0x0000, 0x0000, 0x0000, 0x0000,   // 0x07B0 (1968) pixels
0x0000, 0x0000, 0x0000, 0x0000, 0x0000, 0x0000, 0x0000, 0x0000, 0x0000, 0x0000, 0x0000, 0x0000, 0x0000, 0x0000, 0x0000, 0x0000,   // 0x07C0 (1984) pixels
0x0000, 0x0000, 0x0000, 0x0000, 0x0000, 0x0000, 0x0000, 0x0000, 0x0000, 0x0000, 0x0000, 0x0000, 0x0000, 0x0000, 0x0000, 0x0000,   // 0x07D0 (2000) pixels
0x0000, 0x0000, 0x0000, 0x0000, 0x0000, 0x0000, 0x0000, 0x0000, 0x0000, 0x0000, 0x0000, 0x0000, 0x0000, 0x0000, 0x0000, 0x0000,   // 0x07E0 (2016) pixels
0x0000, 0x0000, 0x0000, 0x0000, 0x0000, 0x0000, 0x0000, 0x0000, 0x0000, 0x0000, 0x0000, 0x0000, 0x0000, 0x0000, 0x0000, 0x0000,   // 0x07F0 (2032) pixels
0x0000, 0x0000, 0x0000, 0x0000, 0x0000, 0x0000, 0x0000, 0x0000, 0x0000, 0x0000, 0x0000, 0x0000, 0x0000, 0x0000, 0x0000, 0x0000,   // 0x0800 (2048) pixels
};

#endif
